Date,CPI: Food and non-alcoholic beverages,CPI: Bread and cereal products,CPI: Bread,CPI: Cakes and biscuits,CPI: Breakfast cereals,CPI: Other cereal products,CPI: Dairy and related products,CPI: Milk,CPI: Cheese,CPI: Ice cream and other dairy products,CPI: Fruit and vegetables,CPI: Fruit,CPI: Vegetables,CPI: Eggs,CPI: Oils and fats,"CPI: Waters, soft drinks and juices",CPI: Alcoholic beverages,CPI: Spirits,CPI: Wine,CPI: Beer,CPI: Clothing and footwear,CPI: Garments,CPI: Carpets and other floor coverings,CPI: Household textiles,CPI: All groups CPI,ABARES: Barley - Production ($M),ABARES: Canola - Production ($M),ABARES: Chickpeas - Production ($M),ABARES: Eggs - Production ($M),ABARES: Fruit (excluding grapes) - Production ($M),"ABARES: Grains, oilseeds and pulses - Production ($M)",ABARES: Milk - Production ($M),ABARES: Vegetables - Production ($M),ABARES: Wheat - Production ($M),ABARES: Wine grapes - Production ($M),ABARES: Wool - Production ($M),ABARES: Barley - Received (Index),ABARES: Canola - Received (Index),ABARES: Chickpeas - Received (Index),ABARES: Cotton - Received (Index),ABARES: Eggs - Received (Index),ABARES: Milk - Received (Index),ABARES: Wheat - Received (Index),ABARES: Wine grapes - Received (Index),ABARES: Wool - Received (Index),Total Rainfall,Rainfall Anomaly,Temperature Anomaly,SOI,ONI,ENSO Phase,NINO1+2_sst,NINO3_sst,NINO3.4_sst,NINO4_sst,EPAC_mslp,INDO_mslp
1/09/1989,50,46.2,39.8,49.4,59.1,55.8,48.7,50.2,47.8,49.2,55,42.5,66.2,50.8,50.5,51.5,47.2,42.4,64.4,40.9,89.6,93.8,59.8,93.9,54.2,708.8,24.2,48.85,311.8,1022.1,4419.89,1749,1328.2,2775.1,238,5718.1,59.04,51.91,58.71,95.29,56.49,50.88,57.14,63.78,64.16,38.21,-19.06,-0.406666667,0.366666667,-0.273333333,La Niña,20.48193133,24.75721233,26.334886,27.929681,101275.4767,100986.08
1/12/1989,50.2,47,40.8,50,60.8,55.9,50,51.1,50.1,51.9,50.9,41,59.8,50.5,52.3,52.8,47.9,43.2,64.1,41.7,91.4,95.9,61.1,95.2,55.2,708.8,24.2,48.85,311.8,1022.1,4419.89,1749,1328.2,2775.1,238,5718.1,59.04,51.91,58.71,95.29,56.49,50.88,57.14,63.78,64.16,99.16,-7.23,0.143333333,0.033333333,-0.143333333,La Niña,21.30168667,24.505291,26.220419,28.07956567,101263.9167,101026.9737
1/03/1990,50.3,48.1,41.6,51.2,62.5,56.9,51.1,51.9,51.9,51.9,45.4,42.7,48.2,49.5,52.1,53.5,48.7,44.1,63.9,42.6,91.5,95.8,62.5,96.1,56.2,568.3,28.3,44,321.1,1059.6,3437.99,1824.8,1284.9,1988.1,171.6,4181,46.6,48.22,30.17,91.41,59.46,51.92,38.62,50.08,48.89,156.16,-64.08,0.383333333,-0.766666667,0.21,Neutral,25.14052433,26.01656667,26.69541167,28.26650367,101074.1433,101071.9867
1/06/1990,51.7,49.2,42.2,53.2,62.6,57.1,52,52.5,53.6,53.9,49.7,43.7,55.3,49.7,53.1,55.2,49.5,45.4,63.5,43.4,93.4,98,63,98,57.1,568.3,28.3,44,321.1,1059.6,3437.99,1824.8,1284.9,1988.1,171.6,4181,46.6,48.22,30.17,91.41,59.46,51.92,38.62,50.08,48.89,129.09,46.95,0.21,0.566666667,0.296666667,Neutral,23.84502533,26.972753,27.66539867,28.64355433,101061.1967,100920.0207
1/09/1990,51.3,49.6,42.6,53.3,64.7,57.7,52,53,53,53.2,45,43.2,47.1,50.4,53.5,55,50.4,46.5,63.7,44.4,94,98.5,63.8,98.7,57.5,568.3,28.3,44,321.1,1059.6,3437.99,1824.8,1284.9,1988.1,171.6,4181,46.6,48.22,30.17,91.41,59.46,51.92,38.62,50.08,48.89,53.36,-3.91,0.156666667,-0.133333333,0.366666667,Neutral,20.52737167,25.21310567,26.947023,28.758173,101267.776,101027.3133
1/12/1990,51.8,50.8,43.1,55,66.8,57.9,52.9,54.1,53.6,54.5,42,43,41.7,50.2,53.4,55.7,51.4,48.1,63.7,45.4,95.6,100.3,64.1,98.3,59,568.3,28.3,44,321.1,1059.6,3437.99,1824.8,1284.9,1988.1,171.6,4181,46.6,48.22,30.17,91.41,59.46,51.92,38.62,50.08,48.89,74.56,-31.83,1.136666667,-0.133333333,0.386666667,Neutral,21.05942033,24.89375233,26.780423,28.85819533,101213.03,101007.4233
1/03/1991,52.9,51.1,43.5,55.1,67.7,59.1,53.4,55.2,53.3,54.7,48.8,47.1,50.8,49.7,53.3,56.8,52.2,48.8,64.9,45.9,96,100.7,64.1,100.1,58.9,692.7,48.3,55.59,282,1375.5,4021.71,1960,1289.8,2113.1,228.3,2980,51.51,47.5,32.94,72.12,60.57,53.03,58.58,57.56,39.43,266.56,46.32,0.47,0.066666667,0.296666667,Neutral,25.206023,26.23875867,26.92038533,28.44510033,101086.427,101025.76
1/06/1991,52.7,51.8,44.2,56.1,67.8,58.8,53.7,56,52.4,55.5,43.9,47.9,40.9,50.2,53.2,58.3,53.1,50.3,65.9,46.6,97.4,102.1,63.7,102.4,59,692.7,48.3,55.59,282,1375.5,4021.71,1960,1289.8,2113.1,228.3,2980,51.51,47.5,32.94,72.12,60.57,53.03,58.58,57.56,39.43,66.95,-15.19,0.893333333,-0.566666667,0.45,Neutral,24.174101,27.31841833,28.01119133,28.976661,101077.708,100966.7853
1/09/1991,53.1,51.8,44,56.1,67.2,59.1,54.9,57.3,54.2,55.4,45.1,48.3,43,49.1,53.8,58.3,53.3,50.8,66,46.7,97,101.6,63.7,102.5,59.3,692.7,48.3,55.59,282,1375.5,4021.71,1960,1289.8,2113.1,228.3,2980,51.51,47.5,32.94,72.12,60.57,53.03,58.58,57.56,39.43,44.95,-12.32,0.496666667,-0.633333333,0.663333333,Neutral,21.363078,25.605,27.39599467,28.96349033,101245.7417,101067.67
1/12/1991,53.3,52.5,45,56.8,67.2,60.4,54.8,58.1,53.3,54.3,46.1,44.4,48.1,48.4,52.2,58.8,53.7,51.5,66.3,47,97.5,102.1,63.1,102.1,59.9,692.7,48.3,55.59,282,1375.5,4021.71,1960,1289.8,2113.1,228.3,2980,51.51,47.5,32.94,72.12,60.57,53.03,58.58,57.56,39.43,82.35,-24.04,0.516666667,-1.166666667,1.176666667,Neutral,22.17356933,25.79283067,27.71758967,29.22160667,101122.415,101039.2387
1/03/1992,53.6,52.8,45.5,56.7,68.3,60.8,55.4,58.3,55,54.4,45.9,45.8,46.4,48.3,53.1,60.5,53.9,51.4,66.2,47.3,97.3,101.8,63.7,102.2,59.9,801.8,56.8,51.75,286.5,1402.9,4621.04,2314.4,1248.6,2685.5,215.6,2568.5,50.05,53.52,38.44,78.52,61.21,57.56,53.32,56.27,34.19,161.47,-58.77,0.383333333,-1.933333333,1.606666667,El Niño,26.108363,27.33170433,28.30801933,28.81806867,100991.2217,101162.202
1/06/1992,53.8,53.5,46.4,57,69.1,61.9,55.7,59,55,54,43.8,41.7,46.2,49.5,53,61.2,54.4,51.7,67,47.8,97.8,102.5,62.9,101.4,59.7,801.8,56.8,51.75,286.5,1402.9,4621.04,2314.4,1248.6,2685.5,215.6,2568.5,50.05,53.52,38.44,78.52,61.21,57.56,53.32,56.27,34.19,97.11,14.97,0.58,-0.433333333,1.026666667,El Niño,25.62898967,27.92005633,28.55259267,29.06394033,100978.6883,100952.5917
1/09/1992,53.6,53.8,46.8,57.3,68.8,61.7,56.4,59,57.4,53.8,40.5,41.1,40.4,50.8,53.5,61.4,54.6,51.4,67.4,48.1,97.6,102.4,62.4,101.5,59.8,801.8,56.8,51.75,286.5,1402.9,4621.04,2314.4,1248.6,2685.5,215.6,2568.5,50.05,53.52,38.44,78.52,61.21,57.56,53.32,56.27,34.19,68.91,11.64,0.3,-0.033333333,0.11,El Niño,20.85813133,25.03601833,26.88399367,28.795661,101255.27,101032.0667
1/12/1992,53.9,54,47.2,57.4,70,60.8,56.3,59.4,55.6,56.3,42.6,40.4,45,52.5,53.3,61.2,54.9,52.3,67.1,48.2,98.7,103.6,62.2,102.3,60.1,801.8,56.8,51.75,286.5,1402.9,4621.04,2314.4,1248.6,2685.5,215.6,2568.5,50.05,53.52,38.44,78.52,61.21,57.56,53.32,56.27,34.19,120.42,14.03,-0.776666667,-0.9,-0.22,El Niño,21.651526,24.81386,26.48741667,28.388912,101161.219,101030.2097
1/03/1993,55.1,54.7,48.1,57.4,70.2,63.4,56.5,60.2,55.1,54.3,48.7,45.4,52.3,51.9,54,61.3,55.3,52.4,67.8,48.7,98.4,103.4,62.4,102.3,60.6,844.9,108.04,72.47,233.9,1316.7,5157.27,2448,1443.7,2866.8,288.75,2449.6,42.68,59.38,49.33,80.74,52.78,55.2,50.91,62.05,34.22,220.22,-0.02,0.106666667,-0.7,0.296666667,Neutral,25.706592,26.52197133,27.01793867,28.21743333,101112.8473,101073.6333
1/06/1993,54.6,54.5,47.8,57.5,71,61.6,57.5,61.4,55.1,57.7,43.1,42.7,43.8,51.5,53,61.3,55.7,52.8,68,49.2,99,104.2,63.1,102.8,60.8,844.9,108.04,72.47,233.9,1316.7,5157.27,2448,1443.7,2866.8,288.75,2449.6,42.68,59.38,49.33,80.74,52.78,55.2,50.91,62.05,34.22,63.86,-18.28,0.683333333,-0.766666667,0.646666667,Neutral,24.941083,27.59966667,28.14867167,28.686807,101039.4353,101020.715
1/09/1993,55,54.9,48,58.2,72.3,60.8,57.7,62,55,57.4,43.5,41.9,45.4,52.7,54.2,61.5,56.4,53.3,69.5,49.6,98,103.3,62.9,102.7,61.1,844.9,108.04,72.47,233.9,1316.7,5157.27,2448,1443.7,2866.8,288.75,2449.6,42.68,59.38,49.33,80.74,52.78,55.2,50.91,62.05,34.22,72.8,15.53,0.636666667,-0.8,0.24,Neutral,21.386158,25.38651667,27.051935,28.766331,101251.7667,101096.0113
1/12/1993,55.3,55.3,48,59.2,72.5,61.5,58.4,62.4,55.7,58.9,44.6,42,47.3,52.3,53.6,61.8,56.9,53.6,70.3,50,97.8,102.9,63.4,102.9,61.2,844.9,108.04,72.47,233.9,1316.7,5157.27,2448,1443.7,2866.8,288.75,2449.6,42.68,59.38,49.33,80.74,52.78,55.2,50.91,62.05,34.22,131.08,24.69,-0.2,-0.333333333,0.066666667,Neutral,21.824548,25.162321,26.78687367,28.69383933,101194.3067,100996.2167
1/03/1994,55.5,55.4,47.8,59,73.5,63.5,58.8,63.1,56,58.4,45.5,41.2,49.9,52.5,54.4,62.1,57.1,53.5,70.5,50.3,97.3,102.8,63.6,102.2,61.5,622.21,96.7,34.16,230.6,1426.4,3994.15,2419.1,1491.6,2127.2,358.35,3319.3,71.95,61.43,65.18,103.28,52.99,53.7,69.47,88.12,52.55,192.18,-28.06,-0.056666667,-0.166666667,0.1,Neutral,25.09852867,26.19768667,26.80235667,28.11163833,101099.81,100977.6513
1/06/1994,55.3,55.4,48.1,59,72.7,62.8,58.9,63.4,55.2,60,45.7,43.8,47.8,52.2,54.3,62.2,57.7,54,72.1,50.7,97.4,102.9,63.7,103.1,61.9,622.21,96.7,34.16,230.6,1426.4,3994.15,2419.1,1491.6,2127.2,358.35,3319.3,71.95,61.43,65.18,103.28,52.99,53.7,69.47,88.12,52.55,36.89,-45.25,0.103333333,-0.8,0.38,Neutral,23.27214233,26.719015,27.871361,28.78191267,101108.0537,100971.8367
1/09/1994,55.8,55.3,48.6,58.2,73,62.3,59.5,64.1,56.1,59.6,48.8,49.2,48.9,52.2,54.9,62.4,58.4,54.8,73.5,51.1,97.6,103.2,64.9,103.3,62.3,622.21,96.7,34.16,230.6,1426.4,3994.15,2419.1,1491.6,2127.2,358.35,3319.3,71.95,61.43,65.18,103.28,52.99,53.7,69.47,88.12,52.55,23.68,-33.59,0.076666667,-1.366666667,0.473333333,Neutral,20.445021,24.90197633,27.154757,29.21174,101253.8467,101079.437
1/12/1994,56,55.8,50,57.3,72.2,63.9,59.8,65.1,55.4,59.1,49.5,48.7,50.8,51.9,55.6,61.7,58.6,55.4,73.9,51.2,97.8,103.2,64.4,104.4,62.8,622.21,96.7,34.16,230.6,1426.4,3994.15,2419.1,1491.6,2127.2,358.35,3319.3,71.95,61.43,65.18,103.28,52.99,53.7,69.47,88.12,52.55,85.93,-20.46,0.6,-0.966666667,0.946666667,Neutral,22.52951667,25.80623467,27.597717,29.210547,101191.1467,101058.2733
1/03/1995,57.2,57.4,51.9,58.8,72.8,65.8,60.1,66.1,54.9,58.5,53.9,50.3,57.6,53.7,55.5,61.8,59.1,55.7,74.2,51.7,97.2,103,64.9,104.5,63.8,1276.41,207.89,104.84,256.9,1498.8,7467.65,2848.3,1616.1,4304.7,503.01,2559.7,73.84,62.56,48.03,108.33,60.14,59.52,76.33,91.36,42.36,264.92,44.68,-0.313333333,0.1,0.736666667,El Niño,25.77595833,26.56740033,27.35575033,28.79318033,101090.4033,101030.9033
1/06/1995,57.5,58.5,53.3,58.9,75.6,67.3,60.8,67.1,55,59.8,50.7,45.5,56.1,56.2,57.6,63,59.9,55.7,75.3,52.7,98.1,103.9,65,106.8,64.7,1276.41,207.89,104.84,256.9,1498.8,7467.65,2848.3,1616.1,4304.7,503.01,2559.7,73.84,62.56,48.03,108.33,60.14,59.52,76.33,91.36,42.36,80.2,-1.94,-0.163333333,-0.333333333,0.136666667,El Niño,23.310382,26.392527,27.58136833,28.92858967,101117.8333,100953.6967
1/09/1995,58.3,59.6,53.8,61.4,76.7,66.5,61.7,68.4,55.2,60.2,51.9,47.8,56.1,63.1,59.3,64.5,60.7,56.2,76,53.6,97.7,103.9,66,107.6,65.5,1276.41,207.89,104.84,256.9,1498.8,7467.65,2848.3,1616.1,4304.7,503.01,2559.7,73.84,62.56,48.03,108.33,60.14,59.52,76.33,91.36,42.36,47.12,-10.15,1.026666667,0.333333333,-0.53,El Niño,20.61918533,24.58330167,26.426945,28.47880933,101292.987,100988.5547
1/12/1995,58.5,60.4,54.5,62.4,76.5,66.9,62.4,68.9,56.5,59.1,51.6,47.2,56.2,64.7,58.4,64.4,61.3,56.5,77.3,54,98,103.7,65.9,109.7,66,1276.41,207.89,104.84,256.9,1498.8,7467.65,2848.3,1616.1,4304.7,503.01,2559.7,73.84,62.56,48.03,108.33,60.14,59.52,76.33,91.36,42.36,125.91,19.52,0.093333333,-0.166666667,-0.983333333,El Niño,21.24768767,24.112958,25.699937,27.98183367,101288.025,100963.9247
1/03/1996,58.6,60.3,54.7,61.9,77.1,67.2,63.2,70.1,56.7,59.7,49.9,48.7,51.5,65.4,59.4,64.9,62.2,57,78.8,54.8,97.8,103.6,66.1,110.6,66.2,1308,238.62,79.76,274.9,1701.2,8065.07,2808.9,1662.3,4877.9,531.77,2621.2,65.81,64.18,36.44,100.11,63.13,56.63,62.27,101.65,42.86,178.12,-42.12,0.246666667,0.8,-0.746666667,Neutral,25.11097733,25.728213,26.01636367,27.53733133,101111.0353,100919.3863
1/06/1996,59.2,61.5,56.6,62.3,77.2,67.8,64,70.7,57.7,61.4,49.8,48.2,51.8,67.9,58.5,65.2,63.2,58,80.3,55.6,98.3,104,66.6,110.1,66.7,1308,238.62,79.76,274.9,1701.2,8065.07,2808.9,1662.3,4877.9,531.77,2621.2,65.81,64.18,36.44,100.11,63.13,56.63,62.27,101.65,42.86,85.37,3.23,0.916666667,0.766666667,-0.333333333,Neutral,22.90140033,26.21370233,27.26661633,28.26147633,101199.6967,100961.94
1/09/1996,59.8,62.6,58.6,62.8,77.4,68.2,64.6,71.8,56.9,62.2,51.5,52.3,51.2,70.3,59.3,65.9,63.3,58.6,79.7,55.7,98.1,104,67,110.9,66.9,1308,238.62,79.76,274.9,1701.2,8065.07,2808.9,1662.3,4877.9,531.77,2621.2,65.81,64.18,36.44,100.11,63.13,56.63,62.27,101.65,42.86,81.3,24.03,0.903333333,0.666666667,-0.313333333,Neutral,19.93336333,24.684101,26.58613533,28.36520833,101288.7573,100953.52
1/12/1996,60.3,63.6,60,63.3,78.4,69,65.2,72.3,57.2,63.7,53.8,54,54,70.5,59.2,65.9,63.3,58.6,78.6,55.9,98.4,104.1,67.3,112.9,67,1308,238.62,79.76,274.9,1701.2,8065.07,2808.9,1662.3,4877.9,531.77,2621.2,65.81,64.18,36.44,100.11,63.13,56.63,62.27,101.65,42.86,117.47,11.08,0.333333333,0.466666667,-0.446666667,Neutral,20.781564,24.27273867,26.13346933,28.248911,101180.795,100920.2217
1/03/1997,60.7,63.9,60.2,63.8,79.3,68.4,66.2,73.8,58.1,63.6,54.3,52.7,56.1,70.5,59.3,66.3,63.7,59.2,79.3,56.2,97.9,103.9,67.6,112.7,67.1,1031.97,329.85,74.55,347.5,1586.8,6715.09,2817,1812.3,3801.5,765.56,2753.9,53.63,64.65,49.34,99.06,74.46,54.36,57.86,124.95,46.65,271.2,50.96,-0.063333333,0.6,-0.32,Neutral,25.30798867,25.62926367,26.32732633,28.20304167,101131.7433,101020.7383
1/06/1997,61.1,64,60.1,63.7,80.5,69.4,66.5,74.2,57.5,65.4,53.9,51.7,56.3,72.3,59.7,67,64,59.6,80.4,56.2,98.2,104.7,67.6,113,66.9,1031.97,329.85,74.55,347.5,1586.8,6715.09,2817,1812.3,3801.5,765.56,2753.9,53.63,64.65,49.34,99.06,74.46,54.36,57.86,124.95,46.65,64.65,-17.49,0.073333333,-1.1,0.75,Neutral,26.30250633,27.56351433,28.15501233,29.096708,101063.0313,101062.7
1/09/1997,61.1,64.3,61.2,63.7,78.9,68.4,66.6,74.7,57.4,64.1,51,50.2,52.2,72.2,58.3,67.2,63.9,58.5,81.5,56.2,98,104.6,67.5,113.8,66.6,1031.97,329.85,74.55,347.5,1586.8,6715.09,2817,1812.3,3801.5,765.56,2753.9,53.63,64.65,49.34,99.06,74.46,54.36,57.86,124.95,46.65,52.84,-4.43,0.313333333,-1.2,1.88,Neutral,24.78876833,27.55912133,28.593535,29.16882567,101086.2597,101154.59
1/12/1997,61.2,64.5,61,64,79.2,70,66.8,75.6,56,64.4,50.9,48.9,53.3,73.2,57.9,68.3,64.1,58.7,82.1,56.3,98.7,105.3,67.8,114.8,66.8,1031.97,329.85,74.55,347.5,1586.8,6715.09,2817,1812.3,3801.5,765.56,2753.9,53.63,64.65,49.34,99.06,74.46,54.36,57.86,124.95,46.65,125.48,19.09,0.876666667,-1.233333333,2.373333333,Neutral,25.54416367,28.12419,28.81483767,29.04759667,101046.835,101152.07
1/03/1998,61.7,64.7,61.6,63.9,78.4,70.1,67.6,76.4,56.8,66.1,51.7,46.2,57.4,71.7,59.1,68.8,64.3,58.9,82.4,56.4,98.3,105,68.3,115.3,67,835.48,643.31,71.81,337,1763,7134.44,2899.6,1864.4,4011,973.54,2141,47.01,63.8,50.32,88.68,69.19,51.9,54.69,128.54,34.76,174.39,-45.85,1.266666667,-2.366666667,1.87,El Niño,28.00508233,28.60305167,28.48820633,28.600625,100962.0133,101167.45
1/06/1998,62.2,65.2,62,64.4,80,70.4,67.7,76.6,56.3,67,54.1,48.5,59.7,72,59.4,69,64.6,59,83.1,56.7,98.2,105,69.2,115.1,67.4,835.48,643.31,71.81,337,1763,7134.44,2899.6,1864.4,4011,973.54,2141,47.01,63.8,50.32,88.68,69.19,51.9,54.69,128.54,34.76,107.89,25.75,0.963333333,-0.033333333,0.436666667,El Niño,26.88604267,27.731001,27.799639,28.41507,101102.1617,101006.415
1/09/1998,63,66.2,64.1,64.3,80.1,70.8,67.9,76.7,57.2,66.5,56.5,50.2,62.9,73,61.9,70.4,64.8,59.4,83.5,56.7,98,104.9,69.2,115.6,67.5,835.48,643.31,71.81,337,1763,7134.44,2899.6,1864.4,4011,973.54,2141,47.01,63.8,50.32,88.68,69.19,51.9,54.69,128.54,34.76,105.44,48.17,1.21,1.133333333,-1.07,El Niño,22.14127967,24.715171,25.70456067,27.849745,101268.65,101002.42
1/12/1998,63.7,65.8,63.9,64.9,76.7,68.2,68,77.2,57.4,65.1,60.7,55.7,65.9,71.6,61.2,69.8,65,59.7,83.1,57.1,97.9,104.6,69.8,116.3,67.8,835.48,643.31,71.81,337,1763,7134.44,2899.6,1864.4,4011,973.54,2141,47.01,63.8,50.32,88.68,69.19,51.9,54.69,128.54,34.76,161.14,54.75,0.426666667,1.166666667,-1.466666667,El Niño,22.092442,24.102463,25.142875,27.060799,101232.7467,100927.322
1/03/1999,64.4,66.8,65.7,65.3,75.5,70.1,69.3,78.2,58.7,67.4,61.4,59.5,63.5,72.9,61.3,70.2,65.3,60,83.2,57.5,97.3,104.2,69.4,116.6,67.8,864.8,759.59,78.06,321.4,1761.1,8079.68,2972.23,1861.9,4831.2,902.99,2149.2,57.89,51.79,44.61,96.36,71.88,49.92,57.11,115.48,38.66,270.4,50.16,0.586666667,1.366666667,-1.306666667,La Niña,25.29363567,25.576657,25.54702133,26.58499267,101103.7347,100842.5867
1/06/1999,64.6,67.3,66.9,65.2,75.2,70.6,69.9,78.5,58.9,69.6,59.8,59.3,60.6,75.1,60.6,69.8,65.6,60.2,83.7,57.7,97.6,104.2,68.9,116.1,68.1,864.8,759.59,78.06,321.4,1761.1,8079.68,2972.23,1861.9,4831.2,902.99,2149.2,57.89,51.79,44.61,96.36,71.88,49.92,57.11,115.48,38.66,77.23,-4.91,0.21,0.633333333,-1.013333333,La Niña,23.26361167,26.32697367,26.738328,27.61227133,101177.3083,100937.745
1/09/1999,64.9,68,67.5,66.6,74.2,70.5,70.2,79.2,59.1,69.1,59.4,61.6,57.6,77.2,62,69.8,65.5,60.3,83.5,57.6,97.2,103.9,69.1,115.7,68.7,864.8,759.59,78.06,321.4,1761.1,8079.68,2972.23,1861.9,4831.2,902.99,2149.2,57.89,51.79,44.61,96.36,71.88,49.92,57.11,115.48,38.66,43.29,-13.98,1.05,0.266666667,-1.123333333,La Niña,20.2803,24.27337833,25.82175567,27.69903467,101313.843,101003.7803
1/12/1999,65.1,68.1,68,66.2,75.2,70.9,71.4,81.1,58.9,70.3,58.1,58,58.4,76.4,61.8,69.8,65.9,60.4,83.6,58.2,96.3,102.7,69.8,115.7,69.1,864.8,759.59,78.06,321.4,1761.1,8079.68,2972.23,1861.9,4831.2,902.99,2149.2,57.89,51.79,44.61,96.36,71.88,49.92,57.11,115.48,38.66,187.85,81.46,-0.583333333,1.133333333,-1.456666667,La Niña,21.04391067,23.552815,25.15922,27.47004367,101306.715,100899.82
1/03/2000,65.2,68.8,69,67.3,74.1,70.1,72,82.1,59,70.3,56.9,52,61.8,76.2,62.2,69.5,66.2,60.8,83.5,58.5,95.9,102.3,69.2,115,69.7,1343.52,545.08,75.23,332.7,2041.5,8697.9,3053.3,2182.6,5130.38,1306.52,2541.2,67.11,51.51,60.85,104.55,66.72,52.74,67.91,133.46,44.74,343.65,123.41,-0.34,1.233333333,-1.38,La Niña,25.073123,25.241905,25.27730867,26.73020133,101160.08,100876.03
1/06/2000,65.8,68.8,69.4,66.4,73.5,71.8,73,83.7,58.5,72.4,58.6,50.3,66.9,76.6,61.9,70.3,67,61.2,83.9,59.6,96.8,103.8,70,114,70.2,1343.52,545.08,75.23,332.7,2041.5,8697.9,3053.3,2182.6,5130.38,1306.52,2541.2,67.11,51.51,60.85,104.55,66.72,52.74,67.91,133.46,44.74,111.1,28.96,-0.713333333,0.466666667,-0.72,La Niña,24.07140167,26.60949833,26.898058,27.70598467,101112.0653,100903.013
1/09/2000,66.9,69.9,69.2,69.3,75,70.7,71.8,81.5,58.2,72,57.9,53.3,62.7,75.4,60.8,67.3,69.9,63.7,87.2,62.4,103.9,112.7,73.9,118.7,72.9,1343.52,545.08,75.23,332.7,2041.5,8697.9,3053.3,2182.6,5130.38,1306.52,2541.2,67.11,51.51,60.85,104.55,66.72,52.74,67.91,133.46,44.74,40.04,-17.23,0.913333333,0.466666667,-0.536666667,La Niña,20.26408033,24.664272,26.34813767,28.21413167,101221.2533,100954.0533
1/12/2000,67.4,70,70.2,69.6,72.9,68.8,71.3,78.8,58.8,74.2,58.4,56.2,61,74.2,61.6,65.8,70.3,63.7,87,63.2,103.6,111.8,74.1,114.8,73.1,1343.52,545.08,75.23,332.7,2041.5,8697.9,3053.3,2182.6,5130.38,1306.52,2541.2,67.11,51.51,60.85,104.55,66.72,52.74,67.91,133.46,44.74,215.78,109.39,-0.01,1.233333333,-0.706666667,La Niña,21.17225333,24.34553967,25.77168067,27.69855933,101173.17,100840.21
1/03/2001,69.6,71.5,72.1,70.8,73.7,70.6,71.9,79,59.4,75.9,66.3,59.7,73.2,74.9,61.3,68.3,71.6,65,88.5,64.5,101.4,108.4,74.3,115.7,73.9,1724.8,675,130.15,320.4,2129.7,10872.52,3717.1,2268.6,6356.3,1285.87,2713.2,70.17,64.45,62.56,97.01,69.8,60.08,76.55,120.65,51.86,287.25,67.01,0.25,1.2,-0.546666667,Neutral,25.494584,26.17697633,26.20423933,27.22731733,101056.8933,100856.828
1/06/2001,70.2,72.6,72.9,72,74.7,72.3,72.4,79.3,59.9,76.8,62.6,55.7,69.6,79.3,62.7,69.9,72.2,65.6,90,64.5,103,110.7,76.4,117.8,74.5,1724.8,675,130.15,320.4,2129.7,10872.52,3717.1,2268.6,6356.3,1285.87,2713.2,70.17,64.45,62.56,97.01,69.8,60.08,76.55,120.65,51.86,58.66,-23.48,0.153333333,0,-0.236666667,Neutral,24.189854,26.870713,27.36347933,28.26402933,101052.7417,100921.272
1/09/2001,70.6,73.6,74.6,72.2,76.9,72.9,74,80.3,62,79.2,61.3,59.2,63.8,81.5,63.2,68.7,72.7,66.1,90.7,65,101.7,108.1,77.2,114.6,74.7,1724.8,675,130.15,320.4,2129.7,10872.52,3717.1,2268.6,6356.3,1285.87,2713.2,70.17,64.45,62.56,97.01,69.8,60.08,76.55,120.65,51.86,52.44,-4.83,0.513333333,-0.133333333,-0.133333333,Neutral,20.529005,24.85040233,26.80438633,28.921044,101245.2867,100972.7283
1/12/2001,72.5,73.8,74.2,72.4,79.2,73.7,76.9,83.5,66.4,79.4,67.6,68.4,67.3,82.7,64.6,69.2,72.8,66.1,90.5,65.3,103.1,110.7,77.3,116.6,75.4,1724.8,675,130.15,320.4,2129.7,10872.52,3717.1,2268.6,6356.3,1285.87,2713.2,70.17,64.45,62.56,97.01,69.8,60.08,76.55,120.65,51.86,144.45,38.06,-0.736666667,-0.033333333,-0.316666667,Neutral,21.02805967,24.45813433,26.25120967,28.65143033,101188.6,100967.692
1/03/2002,72.9,74.9,74.6,75.1,77.9,73.5,77,83.9,65.7,80.1,66.5,68.2,65.4,82.7,67,68,73.2,66.7,90.7,65.6,102.7,109.8,77.6,115.1,76.1,984.24,388.8,62.54,294,2216.2,5440.27,2795.2,2258.1,2691.9,1145.49,3317.8,85.78,74.91,63.85,99.21,62.81,49.3,77.76,122.42,70.12,200.66,-19.58,-0.23,0.433333333,-0.01,Neutral,25.735309,26.049261,26.72164967,28.42594667,101073.2067,101006.1267
1/06/2002,72.5,74.1,73.9,73.3,79.7,73.3,77.2,84.5,65.9,79.7,62.7,64,61.9,83,69.8,68.7,73.4,66.9,90.9,65.8,104.1,111.8,79.5,112.7,76.6,984.24,388.8,62.54,294,2216.2,5440.27,2795.2,2258.1,2691.9,1145.49,3317.8,85.78,74.91,63.85,99.21,62.81,49.3,77.76,122.42,70.12,38.6,-43.54,1.196666667,-0.366666667,0.426666667,Neutral,24.886404,27.28140633,28.05534833,29.173042,101032.3603,100933.8233
1/09/2002,73.3,74.8,74.1,74.2,81.5,73.6,78,84.9,66.1,81.8,65.2,61.4,69.4,83.1,71,70.4,74.2,67.3,91.3,67,103.4,109.9,80.8,111.1,77.1,984.24,388.8,62.54,294,2216.2,5440.27,2795.2,2258.1,2691.9,1145.49,3317.8,85.78,74.91,63.85,99.21,62.81,49.3,77.76,122.42,70.12,30.19,-27.08,0.656666667,-0.7,0.886666667,Neutral,21.20686267,25.72265933,27.65910533,29.252821,101193.5967,101071.7747
1/12/2002,74.3,76.4,75.2,76.3,83.4,75,79.6,87,67.1,83.3,68,62.9,73.3,79.2,69.8,71.1,74.1,67.4,91,66.9,104.4,112,82,113.1,77.6,984.24,388.8,62.54,294,2216.2,5440.27,2795.2,2258.1,2691.9,1145.49,3317.8,85.78,74.91,63.85,99.21,62.81,49.3,77.76,122.42,70.12,63.09,-43.3,1.21,-0.666666667,1.22,Neutral,22.87160667,26.11184933,27.90151733,29.36541533,101104.1717,100992.6967
1/03/2003,75.7,77.9,76.7,77.9,84.1,76.7,79.9,88,66.3,83.3,72.1,62.4,81.8,90.3,70.8,71.4,74.9,68.1,91.8,67.8,102.9,109.9,82.5,111.7,78.6,1750.1,685.7,61.48,335.5,2183.8,9835.99,2808.7,2355.5,5635.8,1491.1,2396.5,56.78,67.53,40.64,89.8,70.81,50.78,63.12,116.64,53.67,228.74,8.5,0.43,-0.4,0.643333333,El Niño,25.72518367,26.75851067,27.47513567,28.801352,101007.4667,101018.3333
1/06/2003,75.7,78.9,77.9,77.5,86.9,81.4,80.2,88.7,67.1,82.3,68.3,60.1,76.7,92.7,71,72.2,75.2,68.8,91.7,68.1,104.1,111.4,84.6,112.1,78.6,1750.1,685.7,61.48,335.5,2183.8,9835.99,2808.7,2355.5,5635.8,1491.1,2396.5,56.78,67.53,40.64,89.8,70.81,50.78,63.12,116.64,53.67,62.84,-19.3,0.923333333,-0.333333333,-0.153333333,El Niño,23.19055733,26.438539,27.38386067,28.68412,101109.14,100949.1533
1/09/2003,75.5,78.4,77.8,76.9,86.1,80.2,79.9,88.4,66.8,82.3,65.2,59.8,70.7,92.1,71.5,71.4,76.8,69.5,92.1,70.6,103.8,111.2,85.5,113,79.1,1750.1,685.7,61.48,335.5,2183.8,9835.99,2808.7,2355.5,5635.8,1491.1,2396.5,56.78,67.53,40.64,89.8,70.81,50.78,63.12,116.64,53.67,52.23,-5.04,0.966666667,0.1,0.183333333,El Niño,20.97919533,25.35976867,27.01902633,28.84505233,101240.3233,101030.4833
1/12/2003,76.8,77.9,75.3,77.6,87.3,79.5,80.1,89,67.1,81.3,72,67.3,77.1,89.5,71.1,71.5,77.3,69.4,92.2,71.6,103.5,111,85.6,110.2,79.5,1750.1,685.7,61.48,335.5,2183.8,9835.99,2808.7,2355.5,5635.8,1491.1,2396.5,56.78,67.53,40.64,89.8,70.81,50.78,63.12,116.64,53.67,126.1,19.71,0.45,0.266666667,0.33,El Niño,22.31647967,25.590242,27.00990833,28.967203,101174.1137,100969.758
1/03/2004,78.2,77.5,74.8,77.9,85.8,78,80.6,89.4,68.3,81.4,78.8,70.6,87.2,90.3,71.9,72.4,78,70.2,93.1,72.1,102.1,109.6,85.7,110.1,80.2,1233.27,502.7,36.04,327.9,2546.9,7359.09,3193.8,2133.5,4316.5,1288.63,2165.9,53.67,54.64,35.04,86.19,65.92,57.45,57.67,100.7,47.32,264.99,44.75,0.52,0.1,0.303333333,Neutral,25.491409,26.587008,26.84424533,28.37560767,101052.2733,100970.0433
1/06/2004,77.5,77.7,74.4,78.2,86.3,79.8,81.4,90.5,68.7,82,72.6,68.3,77.2,89.5,71.7,73.4,78.7,70.7,93.8,72.8,103.2,111,86.6,106.7,80.6,1233.27,502.7,36.04,327.9,2546.9,7359.09,3193.8,2133.5,4316.5,1288.63,2165.9,53.67,54.64,35.04,86.19,65.92,57.45,57.67,100.7,47.32,74.54,-7.6,0.576666667,-0.233333333,0.206666667,Neutral,23.68777367,26.79174267,27.76603967,28.806528,101112.0617,100980.928
1/09/2004,77,77.3,74.8,77.7,84.5,78.7,81.7,91.1,69.9,80.8,68.8,66.8,71.3,88.7,72.9,74.1,79.3,71.3,94.3,73.5,102.9,110.3,87.2,107.6,80.9,1233.27,502.7,36.04,327.9,2546.9,7359.09,3193.8,2133.5,4316.5,1288.63,2165.9,53.67,54.64,35.04,86.19,65.92,57.45,57.67,100.7,47.32,46.27,-11,0.086666667,-0.366666667,0.603333333,Neutral,20.586239,25.41671367,27.53380167,29.18727133,101236.5633,101039.3247
1/12/2004,78.1,77.6,74.8,77.8,85.3,79.9,82.3,91.3,71.7,80.6,72.5,72.9,72.6,89.6,73.5,74.8,80.1,71.8,94.6,74.7,101.5,108.3,87.5,107.8,81.5,1233.27,502.7,36.04,327.9,2546.9,7359.09,3193.8,2133.5,4316.5,1288.63,2165.9,53.67,54.64,35.04,86.19,65.92,57.45,57.67,100.7,47.32,105.78,-0.61,0.95,-0.533333333,0.673333333,Neutral,22.31607533,25.61422633,27.297365,29.255722,101192.03,100986.9517
1/03/2005,78.8,77.7,74.7,77.8,87.1,79.7,83.6,93,72.4,81.9,72.8,70.4,75.7,87.4,75.4,75.1,80.7,71.9,95.1,75.6,100.1,106.3,87.9,104.2,82.1,1417.36,473.4,56.04,375.6,2627,8828.55,3341.3,2878.1,5099.2,1083.08,2053.9,50.35,55.93,49.21,75.83,61.11,60.33,59.34,86.38,46.71,135.92,-84.32,0.813333333,-0.833333333,0.556666667,Neutral,25.01627467,26.31547467,27.146959,28.83699233,101081.005,101044.662
1/06/2005,78.9,78.6,75.5,79,86.8,80.5,85,94.7,73.6,83.1,69.3,63,75.7,85.6,76.8,76.1,80.9,72.2,94.8,76,101,107.5,88.8,107.5,82.6,1417.36,473.4,56.04,375.6,2627,8828.55,3341.3,2878.1,5099.2,1083.08,2053.9,50.35,55.93,49.21,75.83,61.11,60.33,59.34,86.38,46.71,71.46,-10.68,1.743333333,-0.333333333,0.276666667,Neutral,23.95965867,27.19730833,27.94885333,28.94400333,101083.1113,100970.5587
1/09/2005,79.5,79.3,76.7,79.4,87.9,80.6,85.2,94.4,74.5,82.9,70.2,64.9,75.8,86.9,76.6,76.3,81.8,72.6,95.1,77.4,101.1,107.5,89.7,106.1,83.4,1417.36,473.4,56.04,375.6,2627,8828.55,3341.3,2878.1,5099.2,1083.08,2053.9,50.35,55.93,49.21,75.83,61.11,60.33,59.34,86.38,46.71,64.32,7.05,0.99,0.1,-0.103333333,Neutral,20.59335267,25.31078867,26.925996,28.73734,101251.3233,101017.7133
1/12/2005,81,81.1,79.4,80.6,90.5,80.2,86.8,96.6,76.1,83.7,74.7,68.6,81,89.1,78.7,76.6,82.1,73.3,95.1,77.8,101,107,90.2,106.4,83.8,1417.36,473.4,56.04,375.6,2627,8828.55,3341.3,2878.1,5099.2,1083.08,2053.9,50.35,55.93,49.21,75.83,61.11,60.33,59.34,86.38,46.71,122.6,16.21,1.083333333,0.333333333,-0.566666667,Neutral,20.85119667,24.22998167,26.193868,28.47089233,101261.81,100931.5967
1/03/2006,82.1,81.7,80.6,81.6,89.4,78.7,87.6,96.9,77.4,84.6,77.6,68.1,87.3,87.9,80.1,78.4,83.1,74.4,95.5,79,98.4,104.4,90,104.7,84.5,1038.91,227.2,137.1,387.6,3499.1,5064.35,3177.6,3164.6,2618.5,872.39,2281.6,82.21,66.43,78.62,81.75,66.79,60.41,70.81,90.44,54.8,279.77,59.53,0.793333333,1.2,-0.73,Neutral,25.74844367,25.77695533,26.00252933,27.52712033,101071.51,100918.9333
1/06/2006,85.5,82.8,81.4,82.4,92.1,80.4,88.5,97.8,78.1,85.7,95.3,103.5,87.5,91.5,81,78.9,83.7,75,96.2,79.6,99.3,104.7,90.6,104.8,85.9,1038.91,227.2,137.1,387.6,3499.1,5064.35,3177.6,3164.6,2618.5,872.39,2281.6,82.21,66.43,78.62,81.75,66.79,60.41,70.81,90.44,54.8,88.83,6.69,-0.873333333,0.133333333,-0.18,Neutral,23.68602433,26.985954,27.67728933,28.58363833,101119.547,100950.1663
1/09/2006,87.5,83.4,82.8,82.7,92.5,80.1,89.2,98.6,79.1,86.1,103.5,124.7,82.8,92.6,84.3,81.5,83.8,75.7,94.9,80.3,99.4,104.6,91.1,107,86.7,1038.91,227.2,137.1,387.6,3499.1,5064.35,3177.6,3164.6,2618.5,872.39,2281.6,82.21,66.43,78.62,81.75,66.79,60.41,70.81,90.44,54.8,44.28,-12.99,0.846666667,-0.733333333,0.313333333,Neutral,21.85684267,25.690314,27.22738767,29.13371767,101200.54,101040.2853
1/12/2006,87.9,85.1,84.3,84.3,94.9,82,90.2,99.7,79.3,87.9,102,118.1,86.3,97,87.4,82.2,84.5,76.8,94.8,81.3,98.9,104.4,91.5,106.3,86.6,1038.91,227.2,137.1,387.6,3499.1,5064.35,3177.6,3164.6,2618.5,872.39,2281.6,82.21,66.43,78.62,81.75,66.79,60.41,70.81,90.44,54.8,69.18,-37.21,1.223333333,-0.5,0.883333333,Neutral,23.16572067,26.061869,27.56271233,29.40081067,101145.8067,100985.9153
1/03/2007,85.8,86.4,87.5,85.5,90.2,82.5,91.2,100.7,80.9,88,82.9,78.2,87.9,100.6,88.8,83.2,84.9,77.6,94.9,81.9,98.6,104.1,92.1,101.7,86.6,2244.04,658.6,194.52,467.6,2757.6,10753.97,4571.7,3362.8,5291.9,1492.01,2309,105.57,90.92,81.7,86.91,81.42,90.3,114.13,115.41,59.37,252.01,31.77,0.9,-0.233333333,0.253333333,El Niño,25.79575033,26.53415233,27.034413,28.69843733,101011.5233,100978.6413
1/06/2007,87.3,87,88.6,85.9,88.8,84.2,92.2,101.5,83.5,87.8,88.9,84.8,93.3,101.7,89.6,85.3,85.9,78.4,95.2,83.4,100,105.5,91.9,105.9,87.7,2244.04,658.6,194.52,467.6,2757.6,10753.97,4571.7,3362.8,5291.9,1492.01,2309,105.57,90.92,81.7,86.91,81.42,90.3,114.13,115.41,59.37,78.48,-3.66,0.46,0.1,-0.39,El Niño,23.492422,26.53587267,27.52689767,28.662499,101141.368,100909.795
1/09/2007,89,87.9,89.3,86.5,92,84.2,94.2,104,85.8,88.3,96.6,92.9,100.7,101.7,89.4,84.7,86.3,79.2,94.9,84,100.3,105.3,92.2,103.2,88.3,2244.04,658.6,194.52,467.6,2757.6,10753.97,4571.7,3362.8,5291.9,1492.01,2309,105.57,90.92,81.7,86.91,81.42,90.3,114.13,115.41,59.37,34,-23.27,0.906666667,0.1,-0.813333333,El Niño,20.245397,24.330582,26.28209867,28.378977,101278.727,100963.5967
1/12/2007,88.9,89.7,91.7,87.8,94.4,85.6,98.4,109.8,90,90.1,86.9,80.4,93.7,101.2,90.1,86.2,87.5,79.8,95.6,85.7,100.5,105.1,92.2,103,89.1,2244.04,658.6,194.52,467.6,2757.6,10753.97,4571.7,3362.8,5291.9,1492.01,2309,105.57,90.92,81.7,86.91,81.42,90.3,114.13,115.41,59.37,131.16,24.77,0.76,1.1,-1.48,El Niño,20.13327433,23.65368467,25.37854067,27.68499033,101251.3233,100864.28
1/03/2008,90.8,93.2,95.4,90.9,96.3,92,100.6,112.5,93.1,90.5,88.1,79.9,96.5,106.5,92.2,88.2,88.6,80.7,96.5,87.1,98.1,103.1,92.7,98.5,90.3,1849.81,1011.39,199.15,446.9,2871,10746.32,3987.6,3012.4,6021,927.27,1805.7,77.92,91.94,59.15,95.83,78.17,77.37,82.26,78.26,51.18,218.59,-1.65,0.44,1.933333333,-1.483333333,La Niña,25.920373,25.36413733,25.41534467,26.783102,101148.725,100897.8067
1/06/2008,90.7,93.8,94.6,92.9,96.7,91.4,103.4,113.8,95.3,96.3,82,74,90.2,103.3,96.9,89.6,90.4,85.6,98.1,87.5,101,105.9,93.9,101.6,91.6,1849.81,1011.39,199.15,446.9,2871,10746.32,3987.6,3012.4,6021,927.27,1805.7,77.92,91.94,59.15,95.83,78.17,77.37,82.26,78.26,51.18,43.93,-38.21,0.33,0.4,-0.82,La Niña,24.700813,26.95345567,27.02842333,27.775553,101082.325,100924.716
1/09/2008,92,96.6,99,94.4,95.9,97.6,104.8,115.4,97.7,96.5,84.2,77.3,91.4,104.2,99.8,89.8,91.6,89.7,98.1,88.2,100.3,104.6,94.4,102.3,92.7,1849.81,1011.39,199.15,446.9,2871,10746.32,3987.6,3012.4,6021,927.27,1805.7,77.92,91.94,59.15,95.83,78.17,77.37,82.26,78.26,51.18,54.52,-2.75,0.36,0.833333333,-0.28,La Niña,22.25851633,25.68410767,26.73501767,28.040098,101221.12,100980.3217
1/12/2008,93.9,97.7,99.2,96,97.4,99.5,106.1,116.8,100,96.6,88.8,83.5,94.4,103.7,99.7,90.8,92.7,90.9,98.3,89.8,100.7,104.5,95,102.3,92.4,1849.81,1011.39,199.15,446.9,2871,10746.32,3987.6,3012.4,6021,927.27,1805.7,77.92,91.94,59.15,95.83,78.17,77.37,82.26,78.26,51.18,154.38,47.99,0.646666667,1.333333333,-0.543333333,La Niña,21.88633133,24.94363267,26.21292933,27.98527267,101242.6783,100895.73
1/03/2009,96,98.9,100.6,96.8,98.2,102.5,106.6,115,99.9,101,93,86.3,100.1,104.5,102,92.7,93,92.6,97.6,90.2,100.2,104.5,97.4,100.4,92.5,1356.1,839.8,215.85,427.5,2950.3,8660.36,3371.3,3023.2,4765.4,711.43,1927.54,58.08,73.82,58.25,97.45,68.5,67.6,63.87,65.93,54.18,240.53,20.29,0.556666667,1.133333333,-0.75,Neutral,25.31286767,25.86343867,26.09658,27.42417367,101091.5467,100919.025
1/06/2009,95.1,98.2,100.1,96.1,96.5,101.3,105.1,111.5,99.7,101.4,86.3,79.7,93.2,104.5,102.8,93.1,93.7,93.3,97.5,91.3,102.3,106.6,99.7,103.9,92.9,1356.1,839.8,215.85,427.5,2950.3,8660.36,3371.3,3023.2,4765.4,711.43,1927.54,58.08,73.82,58.25,97.45,68.5,67.6,63.87,65.93,54.18,65.83,-16.31,0.473333333,0.266666667,-0.013333333,Neutral,24.908293,27.425107,27.91239167,28.66842833,101079.624,100909.8433
1/09/2009,94.3,98,101.2,94.9,94.8,102.6,104.2,111,98.3,100.5,81.5,75.3,88,103.1,101.8,93.2,94.8,94.6,98.4,92.6,102.6,106.7,100.5,103.3,93.8,1356.1,839.8,215.85,427.5,2950.3,8660.36,3371.3,3023.2,4765.4,711.43,1927.54,58.08,73.82,58.25,97.45,68.5,67.6,63.87,65.93,54.18,40.52,-16.75,1.57,0.1,0.58,Neutral,22.00620567,26.1045,27.58973433,29.080749,101137.9853,100962.2533
1/12/2009,95.7,99.1,102,96.8,96.4,100.5,105.1,111.2,98.9,102.5,88.4,87.3,89.7,102.4,101.8,92.3,95.9,95.4,98.3,94.5,102.8,107,99.5,103.9,94.3,1356.1,839.8,215.85,427.5,2950.3,8660.36,3371.3,3023.2,4765.4,711.43,1927.54,58.08,73.82,58.25,97.45,68.5,67.6,63.87,65.93,54.18,105.81,-0.58,1.116666667,-0.833333333,1.31,Neutral,22.23261367,26.195942,28.05203067,29.67597033,101119.312,100934.36
1/03/2010,96.7,100.1,102.4,98.7,96,101.8,104.1,111.3,98.4,99.4,90.5,82.3,99,99.7,101.9,95.6,96.6,96,98.6,95.6,98.4,101.2,99.4,98.5,95.2,1728.5,1283.4,207.4,566.4,3012.76,12147.7,3931.8,3338.2,7051.9,711.6,2673.1,72.83,91.22,53.1,101.83,81.74,78.02,75.29,63.29,76.22,263.68,43.44,0.653333333,-1.1,1.186666667,El Niño,25.60400633,27.20701733,28.10013133,29.17710567,100965.61,101027.2867
1/06/2010,96.4,99.3,102.5,97,95.7,100.2,105.2,111.6,98.7,102.4,87.1,78.3,96.1,100,101.2,97.1,97.3,95.8,98.9,96.9,98.4,101.4,99.6,99.1,95.8,1728.5,1283.4,207.4,566.4,3012.76,12147.7,3931.8,3338.2,7051.9,711.6,2673.1,72.83,91.22,53.1,101.83,81.74,78.02,75.29,63.29,76.22,83.33,1.19,0.78,0.833333333,-0.16,El Niño,24.757937,27.03684367,27.72522533,28.90747367,101149.4067,100922.4617
1/09/2010,95.9,99.4,101.7,97.7,96.9,100.9,104.3,111.6,97.3,100.9,84.2,77.8,90.9,100.3,101.2,95.4,97.8,96.5,99.6,97.3,99.7,102.3,100.2,100.9,96.5,1728.5,1283.4,207.4,566.4,3012.76,12147.7,3931.8,3338.2,7051.9,711.6,2673.1,72.83,91.22,53.1,101.83,81.74,78.02,75.29,63.29,76.22,110.43,53.16,0.39,1.933333333,-1.32,El Niño,20.01950067,24.309176,25.74138633,27.559456,101324.8567,100938.4833
1/12/2010,98,99.6,102.4,98.1,97,98.8,105.1,111.2,100,101.2,95.4,89.8,101.2,99.9,101.6,95.9,98.3,97.4,99.5,97.9,97.9,100.1,99.6,100,96.9,1728.5,1283.4,207.4,566.4,3012.76,12147.7,3931.8,3338.2,7051.9,711.6,2673.1,72.83,91.22,53.1,101.83,81.74,78.02,75.29,63.29,76.22,226.26,119.87,-0.486666667,1.966666667,-1.623333333,El Niño,20.51289767,23.75941733,25.31251267,27.22832333,101311.2987,100807.8233
1/03/2011,100.9,100.1,101.6,100.3,94.6,99.3,102.2,104.3,99.5,101.9,110,102.8,117.4,100.1,101.9,99.5,98.7,98.5,100.3,97.6,97.2,99.3,98.7,96.2,98.3,1723.2,1759.3,307.5,581.53,3049.8,12465.56,3986.4,3338.5,6775.1,724.58,2734.1,70.61,86.05,60.02,109.57,79.7,75.73,66.3,65.08,78.19,399.51,179.27,-0.013333333,2.5,-1.18,La Niña,25.282315,25.380672,25.60657033,27.20482133,101142.9453,100828.8417
1/06/2011,102.3,100.3,101,100.9,95.6,100.1,100.3,99.6,100.9,100.6,117.7,130.5,105.4,99.9,98.9,99.6,98.7,98.8,99.7,98,99.5,100.4,99.3,100.9,99.2,1723.2,1759.3,307.5,581.53,3049.8,12465.56,3986.4,3338.5,6775.1,724.58,2734.1,70.61,86.05,60.02,109.57,79.7,75.73,66.3,65.08,78.19,74.35,-7.79,-0.86,0.833333333,-0.573333333,La Niña,24.54469433,26.871983,27.285725,28.13736833,101104.8717,100901.4717
1/09/2011,102,99.9,99.7,99.9,99.1,100.5,100.3,99.9,101.8,99.6,115.6,129,102.7,99.4,99.1,99.5,98.7,98.5,99.6,98.1,101,101.1,99.8,101.4,99.8,1723.2,1759.3,307.5,581.53,3049.8,12465.56,3986.4,3338.5,6775.1,724.58,2734.1,70.61,86.05,60.02,109.57,79.7,75.73,66.3,65.08,78.19,49.17,-8.1,0.653333333,0.8,-0.643333333,La Niña,21.021701,24.96210267,26.505314,28.307026,101243.5033,100957.1433
1/12/2011,100.5,100.6,100.1,101.3,101.3,99.6,100.2,99.9,99.8,100.7,104.5,111.7,97.6,99.1,100.6,98.6,99.5,99.6,99.6,99.3,100.4,101.3,100.2,102.4,99.8,1723.2,1759.3,307.5,581.53,3049.8,12465.56,3986.4,3338.5,6775.1,724.58,2734.1,70.61,86.05,60.02,109.57,79.7,75.73,66.3,65.08,78.19,173.67,67.28,0.21,1.466666667,-1.046666667,La Niña,21.07733567,24.17492233,25.77163567,27.70375233,101251.8233,100846.2617
1/03/2012,98.4,101,101.7,100.8,100.9,99.6,99.9,100.2,99.4,100.1,87.9,78.2,97.3,100.6,101.2,101,100.6,100.6,100.1,100.9,98.6,97.8,100.3,96.7,99.9,2063.19,2269.54,320.06,644.37,3662.38,13926.9,3687.33,3769.64,7153.73,857.96,2471.65,93.02,91.87,51.73,96.34,79.56,71.96,91.6,74.26,67.01,281.31,61.07,-0.376666667,0.766666667,-0.723333333,La Niña,25.35921433,26.02527333,26.205243,27.37932767,101084.2463,100853.2453
1/06/2012,99,98.5,98.5,98,98.7,100.3,99.6,100,99,99.6,92,81.1,102.4,100.9,99.2,100.9,101.3,101.2,100.7,101.7,100,99.8,99.8,99.5,100.4,2063.19,2269.54,320.06,644.37,3662.38,13926.9,3687.33,3769.64,7153.73,857.96,2471.65,93.02,91.87,51.73,96.34,79.56,71.96,91.6,74.26,67.01,60.41,-21.73,-0.306666667,-0.233333333,-0.246666667,La Niña,25.408151,27.26975967,27.61164433,28.258661,101068.8453,100915.91
1/09/2012,100.9,99.8,101.4,99.1,97.8,99.7,100.6,99.5,101.6,100.9,101.4,89,113.2,101.4,98.6,100.9,102,102.4,101.1,102.6,100.2,100.8,99.4,100.3,101.8,2063.19,2269.54,320.06,644.37,3662.38,13926.9,3687.33,3769.64,7153.73,857.96,2471.65,93.02,91.87,51.73,96.34,79.56,71.96,91.6,74.26,67.01,37.98,-19.29,0.416666667,0,0.33,La Niña,21.41927767,25.85157,27.411222,28.69905033,101180.2433,100976.4667
1/12/2012,100.8,101,101,100.8,101.4,100.9,99.1,99.1,99.2,98.9,98.8,90.5,106.8,103.5,99.2,101.2,101.9,102.3,101.4,102.1,101,100,99.7,99.1,102,2063.19,2269.54,320.06,644.37,3662.38,13926.9,3687.33,3769.64,7153.73,857.96,2471.65,93.02,91.87,51.73,96.34,79.56,71.96,91.6,74.26,67.01,92.14,-14.25,1.223333333,0,0.036666667,La Niña,21.48118767,24.94317767,26.801688,28.80630867,101197.6583,100895.2183
1/03/2013,100,100.7,100.7,100.4,101.2,101.2,98,97.6,98.5,98,93.5,84.2,102.5,103.4,98.5,101.5,102.4,103.2,102.5,102,97.1,96.7,99,92.5,102.4,2453,2128.7,221.73,694.65,3187.19,14799.69,4729.42,3509.63,7998.08,671.88,2530.41,90.07,93.13,46.31,103.03,89.93,91.45,92.51,66.39,69.83,195.68,-24.56,1.186666667,0.4,-0.4,Neutral,25.39888067,25.937366,26.370986,27.97361333,101070.0517,100925.875
1/06/2013,100.1,100.9,102.3,99.9,99.8,101.3,97,96.7,96.3,97.9,93.8,81.3,105.9,104.2,100,102.5,102.9,103.7,102.6,102.7,99.7,99.6,99.4,94.5,102.8,2453,2128.7,221.73,694.65,3187.19,14799.69,4729.42,3509.63,7998.08,671.88,2530.41,90.07,93.13,46.31,103.03,89.93,91.45,92.51,66.39,69.83,85.09,2.95,1.09,0.733333333,-0.356666667,Neutral,22.89564833,26.577405,27.577844,28.46590133,101139.5467,100864.83
1/09/2013,100.3,101.9,102,101.8,102,102.1,98.2,97.2,98.8,99,92.7,83.9,101.1,104.6,100,103,103.5,105.1,103.6,102.7,100.8,100.1,99.9,98.1,104,2453,2128.7,221.73,694.65,3187.19,14799.69,4729.42,3509.63,7998.08,671.88,2530.41,90.07,93.13,46.31,103.03,89.93,91.45,92.51,66.39,69.83,44.31,-12.96,2.056666667,0.433333333,-0.326666667,Neutral,19.952151,24.81659867,26.69103933,28.58295967,101234.1667,100937.0917
1/12/2013,101.9,102.2,103.7,101.8,100.1,101.4,98.7,97.6,100,98.9,99.7,90.7,108.3,107.6,99.3,103.3,104.8,106.6,104.3,104.4,99.7,99.3,100.1,98.2,104.8,2453,2128.7,221.73,694.65,3187.19,14799.69,4729.42,3509.63,7998.08,671.88,2530.41,90.07,93.13,46.31,103.03,89.93,91.45,92.51,66.39,69.83,97.53,-8.86,1.01,0.233333333,-0.206666667,Neutral,21.45106067,25.01424067,26.52974867,28.53154767,101189.79,100896.4667
1/03/2014,102.2,101.7,103.1,101.3,100.6,99.8,98.7,97.7,101.6,97.2,100.4,88.4,111.9,108.9,100.2,104.6,105.6,107.6,105.3,105,97.6,97.3,101.6,95.4,105.4,2416.71,1782.36,314.66,725.38,3512.06,13943.21,4722.07,3350.34,7124.1,764.76,2675.93,94.15,84.41,74.47,102.05,93.22,87.72,87.81,67.57,72.42,248.53,28.29,0.673333333,0.2,-0.383333333,Neutral,25.15459,26.00067633,26.189265,27.98108567,101046.9967,100959.9153
1/06/2014,102.6,102.3,104,102.6,100.4,98.5,100.1,97.7,104.2,99.1,99,87.2,110.3,111.9,100.5,104.4,106.3,107.4,105.9,106.2,99.1,99.1,101,93.4,105.9,2416.71,1782.36,314.66,725.38,3512.06,13943.21,4722.07,3350.34,7124.1,764.76,2675.93,94.15,84.41,74.47,102.05,93.22,87.72,87.81,67.57,72.42,78.44,-3.7,1.13,0.5,0.136666667,Neutral,24.96348067,27.690099,28.14625967,29.05037233,101036.002,100914.87
1/09/2014,103.8,100.3,100.9,101.3,95.9,99.4,101,97.5,107.3,99.3,105.7,100,111.2,112.4,99.7,104,106.6,107.9,105.4,107.1,98.1,97.5,101.5,90.3,106.4,2416.71,1782.36,314.66,725.38,3512.06,13943.21,4722.07,3350.34,7124.1,764.76,2675.93,94.15,84.41,74.47,102.05,93.22,87.72,87.81,67.57,72.42,42.01,-15.26,0.643333333,-0.533333333,0.116666667,Neutral,22.201373,25.65170333,27.005229,28.980574,101191.0567,101020.6483
1/12/2014,103.9,101.1,100.3,103.7,94.5,100.2,100.2,97.7,106.8,97.4,103.4,97.3,109.3,109.5,98.8,103.2,106.4,107.1,104.5,107.5,98.2,97.2,101.9,93.1,106.6,2416.71,1782.36,314.66,725.38,3512.06,13943.21,4722.07,3350.34,7124.1,764.76,2675.93,94.15,84.41,74.47,102.05,93.22,87.72,87.81,67.57,72.42,104.4,-1.99,1.723333333,-0.7,0.596666667,Neutral,22.18453833,25.87786467,27.28852267,29.23244267,101168.6333,100946.288
1/03/2015,104.1,100.7,97.1,104.4,98.1,99.5,101.2,97.6,107.2,100.1,101.3,89.5,112.7,108.8,101,103,107.1,108.2,104.3,108.7,96.9,95.1,100.7,88.1,106.8,2276.56,1475.66,685.3,782.81,4224.58,12696.54,4282.19,3585.39,6170.13,880.51,2964.86,85.28,89.13,102.99,110.67,97.03,80.58,81.07,77.32,84.86,198.66,-21.58,0.996666667,-0.433333333,0.516666667,Neutral,25.57909733,26.68797233,27.34503,29.04153067,101051.3733,101060.912
1/06/2015,103.9,100,96.1,103.8,100.3,96.9,100.3,97.2,105.5,99.3,100.1,88.9,110.8,109.3,100.9,104,107.5,108.4,104.9,109.1,98.2,97.2,103.7,88,107.5,2276.56,1475.66,685.3,782.81,4224.58,12696.54,4282.19,3585.39,6170.13,880.51,2964.86,85.28,89.13,102.99,110.67,97.03,80.58,81.07,77.32,84.86,70.66,-11.48,0.21,-0.433333333,0.936666667,Neutral,25.89803633,28.08417633,28.68406467,29.70015133,100965.4413,100996.9333
1/09/2015,104,99.2,95.2,102.9,99,97.7,99.9,96.9,104.8,98.9,100.3,96.2,104.3,109.2,99.7,103.6,108.2,108.8,104.5,110.7,97.1,96.4,104.6,92.7,108,2276.56,1475.66,685.3,782.81,4224.58,12696.54,4282.19,3585.39,6170.13,880.51,2964.86,85.28,89.13,102.99,110.67,97.03,80.58,81.07,77.32,84.86,39.34,-17.93,0.493333333,-1.366666667,1.846666667,Neutral,23.322022,27.20925467,28.547893,29.54394,101057.0583,101072.4267
1/12/2015,104.3,99.6,96,104,95.1,98,98.7,96.5,104.9,95.9,100.1,93.7,106.3,107.3,98.9,101.4,107.8,109,102.2,111.4,98.7,97.1,105.8,94.7,108.4,2276.56,1475.66,685.3,782.81,4224.58,12696.54,4282.19,3585.39,6170.13,880.51,2964.86,85.28,89.13,102.99,110.67,97.03,80.58,81.07,77.32,84.86,128.08,21.69,2.06,-0.933333333,2.543333333,Neutral,24.02525,27.71606867,29.19496867,29.919209,100995.2753,101039.5833
1/03/2016,104.1,98.7,96,102.5,94,96.5,98.5,96.6,102.8,96.8,95.8,83.3,107.9,107.7,100.6,102.1,108.7,110,102.5,112.8,96.1,95.1,106.7,90.8,108.2,2657.82,2412.07,1668.56,819.6,4234.06,16713.64,3694.76,3903.81,7365.82,970.64,3457.8,66.29,93.75,109.44,98.77,97.11,74.65,67.75,83.08,96.7,181.21,-39.03,1.206666667,-1.433333333,2.066666667,El Niño,26.807106,28.36653,28.94567967,29.473393,100962.6383,101089.4233
1/06/2016,103.8,98,96.5,102,92.3,93.3,99,96.6,102.7,98.3,97.4,84,110.2,108.7,101.9,103,108.9,110.7,102.2,113,98,96.9,107.3,89.7,108.6,2657.82,2412.07,1668.56,819.6,4234.06,16713.64,3694.76,3903.81,7365.82,970.64,3457.8,66.29,93.75,109.44,98.77,97.11,74.65,67.75,83.08,96.7,104.31,22.17,1.796666667,-0.066666667,0.42,El Niño,24.725349,27.24238467,28.14499433,29.26929633,101095.338,100976.335
1/09/2016,105.6,98,96.1,102.1,93,93.2,98.2,96.6,101.9,96.8,108.7,100.4,116.7,109.1,102,102.1,109.2,110.7,102,113.9,98.3,95.8,107.2,95,109.4,2657.82,2412.07,1668.56,819.6,4234.06,16713.64,3694.76,3903.81,7365.82,970.64,3457.8,66.29,93.75,109.44,98.77,97.11,74.65,67.75,83.08,96.7,109.38,52.11,0.553333333,0.766666667,-0.51,El Niño,21.58126133,24.89910633,26.43281933,28.66485833,101228.7617,100955.5783
1/12/2016,106.2,98.4,95.6,103,94.7,93.1,97.5,96.4,100.6,96,110.1,100.2,119.6,108.4,101.6,98.8,108.5,109.5,100.1,114.3,97.8,96.6,107,90.9,110,2657.82,2412.07,1668.56,819.6,4234.06,16713.64,3694.76,3903.81,7365.82,970.64,3457.8,66.29,93.75,109.44,98.77,97.11,74.65,67.75,83.08,96.7,137.19,30.8,0.366666667,-0.033333333,-0.64,El Niño,22.21946533,24.63702767,26.08578133,28.23522767,101173.955,100893.2467
1/03/2017,106,98.2,95.4,103.7,92.2,92.3,97.1,96.7,99.7,95.3,108,93.5,122,108.7,103.5,99.3,109.8,110.8,101.7,115.4,96.4,93.9,106.2,85.8,110.5,2280.73,2098.82,650.21,828.23,4568.1,12528.96,4269.52,4096.55,5695,942.45,4480.82,83.02,90.38,85.62,120.28,93.83,83.41,79.59,87.88,122.79,283.66,63.42,1.07,0.333333333,-0.15,Neutral,27.05680867,26.67075667,26.774841,28.03040667,101087.0183,100954.9417
1/06/2017,105.8,97.6,95.4,102.5,92.8,90.8,96.9,96.5,98.3,96.1,106.2,89.4,122.4,107.8,106.1,101.9,110.4,111.7,101.3,116.5,96.1,93,108,89.2,110.7,2280.73,2098.82,650.21,828.23,4568.1,12528.96,4269.52,4096.55,5695,942.45,4480.82,83.02,90.38,85.62,120.28,93.83,83.41,79.59,87.88,122.79,49.53,-32.61,0.46,-0.1,0.27,Neutral,24.76303367,27.40623967,28.139625,28.928787,101094.702,100975.4333
1/09/2017,104.9,96.8,95,101.4,90.8,90.7,96.7,96.4,99,94.9,99.8,90.1,109.1,104.1,108.5,102.2,111,112,101.6,117.5,95.2,91.7,107.8,91.4,111.4,2280.73,2098.82,650.21,828.23,4568.1,12528.96,4269.52,4096.55,5695,942.45,4480.82,83.02,90.38,85.62,120.28,93.83,83.41,79.59,87.88,122.79,38.19,-19.08,1.436666667,0.633333333,-0.116666667,Neutral,20.71652533,25.13567067,26.87814967,28.75893867,101283.5287,100998.6133
1/12/2017,106,97.6,96.1,101.5,92.4,92.3,97.2,97,99.9,95,104.9,98.5,111,103.1,113.2,102,111.1,111.9,101,118.5,94.9,91.3,107.9,86.2,112.1,2280.73,2098.82,650.21,828.23,4568.1,12528.96,4269.52,4096.55,5695,942.45,4480.82,83.02,90.38,85.62,120.28,93.83,83.41,79.59,87.88,122.79,123.06,16.67,1.21,0.566666667,-0.82,Neutral,20.742801,24.20872433,25.90298867,28.24557233,101190.188,100851.4663
1/03/2018,106.5,97.1,96,101.2,90.9,90.8,97.3,96.8,100.2,95.2,105.6,95.8,115.1,103.2,113.6,104.8,112.2,113.5,100.5,120.9,93,88.8,107.5,83.2,112.6,3013.66,1357.58,231,832.89,4981.04,12526.08,4374.46,4374.23,6187.17,961.27,4389.57,115.11,96.2,148.02,124.12,95.62,90.62,102.9,97.03,133.96,235.61,15.37,1.1,0.7,-0.823333333,Neutral,25.000209,25.43618367,26.04473467,27.906692,101087.7017,100898.1633
1/06/2018,106.1,96.8,96.1,100.4,89.8,91.5,97.9,97.5,100.8,95.8,102.8,93.4,111.8,103.9,113.3,105,112.9,114.5,101.3,121.6,94.2,90.2,108.7,84.2,113,3013.66,1357.58,231,832.89,4981.04,12526.08,4374.46,4374.23,6187.17,961.27,4389.57,115.11,96.2,148.02,124.12,95.62,90.62,102.9,97.03,133.96,35.64,-46.5,1,0.266666667,-0.243333333,Neutral,23.65198567,26.93700033,27.59671633,28.821732,101199.2683,100945.858
1/09/2018,106.6,97,97.3,100.6,88.8,90.2,97.5,96.9,100.6,95.4,104.8,95.6,113.6,102.9,114.3,104.4,114,114.8,102.6,122.7,94.4,90.4,109,84.4,113.5,3013.66,1357.58,231,832.89,4981.04,12526.08,4374.46,4374.23,6187.17,961.27,4389.57,115.11,96.2,148.02,124.12,95.62,90.62,102.9,97.03,133.96,30.29,-26.98,0.68,-0.333333333,0.27,Neutral,21.043593,25.503008,27.20877167,29.09101733,101217.1357,100988.1433
1/12/2018,107.6,98.1,97.9,101.6,92.3,90.7,98.3,98.9,100.8,95.6,106.6,100.4,112.2,103.4,116.2,103.9,113.1,114.7,100.6,122.7,94.2,90.8,109,83,114.1,3013.66,1357.58,231,832.89,4981.04,12526.08,4374.46,4374.23,6187.17,961.27,4389.57,115.11,96.2,148.02,124.12,95.62,90.62,102.9,97.03,133.96,104.31,-2.08,1.646666667,0.433333333,0.823333333,Neutral,22.52951067,26.00368867,27.57394533,29.47378033,101192.5,100991.39
1/03/2019,109,99,99.7,101.9,92.3,91.7,98.5,98.4,101.4,96.2,111.7,102.2,120.8,103.7,115.5,105.9,114.3,116.1,101.4,124,92.9,89.2,109.2,81.4,114.1,3006.42,1371.09,178.91,881.3,5410.85,11185.31,4828.97,4190.25,4947.83,923.56,3065.43,100,100,100,100,100,100,100,100,100,158.3,-61.94,2.08,-0.566666667,0.726666667,Neutral,26.331621,27.10323467,27.58335767,29.02767133,101036.7047,101065.8933
1/06/2019,108.6,99.2,100.7,101.5,91.3,92.7,99.6,100.3,101.5,97.1,108.6,98,118.7,104.7,114.8,106.3,114.4,116.3,100.9,124.6,94.4,91.3,110.6,83.8,114.8,3006.42,1371.09,178.91,881.3,5410.85,11185.31,4828.97,4190.25,4947.83,923.56,3065.43,100,100,100,100,100,100,100,100,100,54.03,-28.11,0.75,-0.266666667,0.55,Neutral,24.584517,27.661206,28.46170067,29.36159967,101114.4583,100960.5
1/09/2019,109,100.5,100.8,104,94.5,91.9,101.8,103.4,104,98.2,105.5,95,115.7,107.5,115.2,106.4,115.5,117.1,102.7,125.3,95.8,92.4,111,84.7,115.4,3006.42,1371.09,178.91,881.3,5410.85,11185.31,4828.97,4190.25,4947.83,923.56,3065.43,100,100,100,100,100,100,100,100,100,25.88,-31.39,1,-0.566666667,0.203333333,Neutral,20.51957567,25.16462,27.11216733,29.354341,101288.8833,101061.2233
1/12/2019,110.4,101.6,100.9,106.2,94.5,93.2,103.1,105.2,106.5,98,109.2,101.5,116.4,108.8,115.5,104.1,114.7,116.7,101.1,125.2,95.5,91.1,111.8,81.6,116.2,3006.42,1371.09,178.91,881.3,5410.85,11185.31,4828.97,4190.25,4947.83,923.56,3065.43,100,100,100,100,100,100,100,100,100,37.5,-68.89,2.19,-0.6,0.47,Neutral,21.63155933,25.37798333,27.14967333,29.39303833,101217.985,100973.4703
1/03/2020,112.5,102.8,102,106.3,97.1,97.3,104.2,106,108.3,98.7,115.7,103.9,127,109.9,117.2,105.9,116.2,119.2,102,126.7,94.8,90,112,84.7,116.6,3728.47,2929.73,519.73,1124.4,6287.43,20057.51,4687.96,4779.04,9850.96,1224.05,2644.78,85.74,103.26,77.94,117.79,114.38,96.41,90.31,102.66,85.59,229.49,9.25,0.976666667,0,0.46,Neutral,25.90112333,26.498399,27.23118467,29.019201,101121.6917,101021.7503
1/06/2020,113.1,103.8,101.8,106.7,98.8,103.2,105.3,106.8,109.6,99.9,114.9,104.2,125.2,112.1,119,108,117,119.2,103,127.7,94.9,90.8,113.1,84.6,114.4,3728.47,2929.73,519.73,1124.4,6287.43,20057.51,4687.96,4779.04,9850.96,1224.05,2644.78,85.74,103.26,77.94,117.79,114.38,96.41,90.31,102.66,85.59,53.64,-28.5,0.706666667,0.066666667,-0.063333333,Neutral,24.08085733,26.951635,27.713938,28.916167,101203.65,100962.377
1/09/2020,112.7,101.8,101.3,104.8,93.9,98.8,105,106.4,109.3,99.8,114.9,103.7,125.7,111.8,116.4,108.5,117.5,119.7,104.3,127.3,95.3,91.7,115.1,89.1,116.2,3728.47,2929.73,519.73,1124.4,6287.43,20057.51,4687.96,4779.04,9850.96,1224.05,2644.78,85.74,103.26,77.94,117.79,114.38,96.41,90.31,102.66,85.59,49.3,-7.97,1.616666667,0.8,-0.623333333,Neutral,20.33822767,24.69426267,26.46226133,28.42588567,101285.562,100919.3117
1/12/2020,112.9,102.6,102.4,105.3,96.1,98.4,105,107.1,108.6,99.5,112.8,107.2,118.2,110.9,116.1,107.8,117.1,119.3,103.4,127.5,94.3,89.6,115.4,87.3,117.2,3728.47,2929.73,519.73,1124.4,6287.43,20057.51,4687.96,4779.04,9850.96,1224.05,2644.78,85.74,103.26,77.94,117.79,114.38,96.41,90.31,102.66,85.59,154.16,47.77,1.216666667,1,-1.21,Neutral,21.133597,24.19261667,25.530141,27.76837533,101271.8233,100882.218
1/03/2021,113.3,102.6,102.4,106.6,94.6,95.7,104.6,106.9,108.4,98.9,112.1,105.5,118.6,110.9,118,109.4,118.3,120.9,104.6,128.6,94.8,88.4,113.5,86,117.9,4185.66,6002.11,751.1,1124.12,5923.34,27786.13,4910.12,4517.7,13000,1102.88,3299.97,101.39,148.8,92.94,187.55,116.67,102.92,104.67,90.37,99.66,245.9,25.66,0.053333333,1.266666667,-0.94,La Niña,25.08995067,25.76659467,25.99254167,27.34674267,101078.59,100879.427
1/06/2021,113.9,102.5,102.3,106.4,93.8,96.6,104.8,106.7,108.5,99.4,117.9,110.5,125.1,110.4,118.1,110.2,118.7,121.4,104.1,129.7,95.2,89.3,114.8,87.7,118.8,4185.66,6002.11,751.1,1124.12,5923.34,27786.13,4910.12,4517.7,13000,1102.88,3299.97,101.39,148.8,92.94,187.55,116.67,102.92,104.67,90.37,99.66,63.91,-18.23,0.343333333,0.4,-0.506666667,La Niña,23.737489,26.64657233,27.451353,28.633346,101162.6747,100942.0967
1/09/2021,114.2,102.5,102.2,106,94.4,97.4,105.1,107.1,108.7,99.9,113.8,101.3,125.9,111.4,121.4,111.2,118.3,121.3,104.1,128.9,91.6,84.4,116,90.4,119.7,4185.66,6002.11,751.1,1124.12,5923.34,27786.13,4910.12,4517.7,13000,1102.88,3299.97,101.39,148.8,92.94,187.55,116.67,102.92,104.67,90.37,99.66,47.39,-9.88,1.376666667,0.933333333,-0.52,La Niña,21.34992133,25.10345233,26.67426833,28.47938533,101286.94,100961.2233
1/12/2021,115,103.8,102.9,107.6,95.3,99.7,106.9,108.6,110.8,101.7,113,100.1,125.4,111,122.4,110.2,118.4,122.1,103.4,129.6,94,86.8,116.4,87.7,121.3,4185.66,6002.11,751.1,1124.12,5923.34,27786.13,4910.12,4517.7,13000,1102.88,3299.97,101.39,148.8,92.94,187.55,116.67,102.92,104.67,90.37,99.66,150.54,44.15,0.456666667,1.066666667,-0.923333333,La Niña,20.989214,24.21383967,25.76459133,27.85959333,101255.54,100893.6983
1/03/2022,118.2,105.7,105.1,108.9,97.2,102.7,108.9,111.5,112,103.4,119.6,105,133.7,112.6,128.1,116.4,119.6,123.3,104.6,130.6,93.4,85.8,119.1,88.3,123.9,,,,,,,,,,,,,,,,,,,,,212.56,-7.68,0.94,1.133333333,-0.963333333,La Niña,24.802462,25.35509867,25.95980067,27.75411033,101164.7453,100889.2467
1/06/2022,120.6,109,109.7,110.6,102.1,106.6,110.3,112.4,113.8,105,126.5,108.9,143.4,116.8,134.6,118.6,120.4,124.3,105.4,131.3,96.7,89.6,122.7,91.8,126.1,,,,,,,,,,,,,,,,,,,,,98.61,16.47,1.04,1.6,-0.966666667,La Niña,23.085268,26.28006533,26.854161,27.92758567,101190.91,100864.2933
1/09/2022,124.5,112.7,112.9,114.4,106.7,110.3,117.8,124.4,119,109,132.2,116.1,147.6,123,144.8,121.2,122.1,128.6,105.7,133.1,96.5,89.7,128,93.2,128.4,,,,,,,,,,,,,,,,,,,,,83.34,26.07,0.416666667,1.133333333,-0.91,La Niña,20.30350167,24.698625,26.07538833,27.71114933,101298.2333,100909.0413
1/12/2022,125.6,116.5,116.7,118.8,109.9,112.8,122.8,128,126.6,113.6,122.6,112.7,132.6,124,147.9,121.4,123.3,131.3,105.7,135.1,99,91.5,131.7,91.2,130.8,,,,,,,,,,,,,,,,,,,,,195.19,88.8,-0.39,1.366666667,-0.91,La Niña,20.72696367,24.22400733,25.79931567,27.62723433,101262.4217,100880.6433
