time,NINO1+2_sst,NINO3_sst,NINO3.4_sst,NINO4_sst,EPAC_mslp,INDO_mslp
1981-09-01,20.1287,24.54618,26.345293,28.26938,101260.77,100994.875
1981-10-01,20.245596,24.806093,26.466253,28.380522,101226.086,101016.664
1981-11-01,21.255264,24.51976,26.075563,28.24386,101207.78,100941.75
1981-12-01,22.835764,25.00215,26.184101,28.123152,101129.32,101049.03
1982-01-01,24.207018,25.77992,26.583525,27.963215,101156.08,101020.92
1982-02-01,25.260267,26.211033,26.45504,27.92616,101062.984,101006.125
1982-03-01,25.015762,26.870028,27.034319,28.148813,100984.26,100997.96
1982-04-01,24.321468,27.469593,27.782715,28.594093,101071.01,101019.31
1982-05-01,23.8483,27.648277,28.32491,29.160978,101069.09,100990.88
1982-06-01,22.864058,27.055376,28.318104,29.454027,101083.41,101067.36
1982-07-01,22.10188,26.045755,27.516773,28.746273,101106.016,101047.6
1982-08-01,21.77356,25.964773,27.732328,28.691679,101140.46,101100.6
1982-09-01,21.986738,26.460003,27.98785,28.936277,101182.086,101175.234
1982-10-01,22.783976,27.035511,28.516157,29.119644,101114.01,101098.914
1982-11-01,24.55581,27.392683,28.520462,28.828144,100952.34,101034.77
1982-12-01,25.830717,28.07644,28.873524,28.802328,100926.1,101049.58
1983-01-01,26.90215,28.392508,28.718637,28.638617,100846.75,101179.21
1983-02-01,27.660173,28.405582,28.558792,28.53487,100906.44,101211.42
1983-03-01,28.374086,28.487396,28.477703,28.623198,100926.3,101170.36
1983-04-01,28.163368,28.783194,28.506384,28.50123,100909.1,101024.16
1983-05-01,27.93956,28.639488,28.552773,28.969189,100916.555,101013.68
1983-06-01,27.264368,28.06472,28.123856,28.78632,101031.01,101017.984
1983-07-01,25.75917,26.421608,26.85689,28.455982,101059.516,101008.48
1983-08-01,23.721737,25.648405,26.345356,28.174604,101246.914,101059.9
1983-09-01,22.168648,25.086966,26.26738,28.011595,101225.375,101035.04
1983-10-01,22.035843,24.40417,25.616476,27.588755,101232.19,100982.266
1983-11-01,22.036154,23.983046,25.378511,27.59393,101254.88,101078.14
1983-12-01,22.985764,24.230413,25.349157,27.391937,101248.48,101033.055
1984-01-01,24.244453,24.656897,25.4886,27.332634,101198.29,100934.58
1984-02-01,25.113401,26.370722,26.510902,27.167793,101006.27,100854.48
1984-03-01,25.5579,26.835938,26.638172,27.22849,101042.59,100997.9
1984-04-01,25.08401,27.24279,27.227732,27.480364,101062.42,100932.97
1984-05-01,23.248596,26.280891,27.125025,27.895895,101098.16,100923.52
1984-06-01,22.135496,25.21846,26.57954,28.012707,101188.53,100940.69
1984-07-01,21.158436,24.916643,26.535576,28.328419,101219.71,100935.0
1984-08-01,20.316835,24.533379,26.290085,28.015942,101271.51,100972.88
1984-09-01,20.28842,24.608173,26.273235,28.180037,101271.266,101023.36
1984-10-01,20.530277,24.059446,25.92423,27.963223,101244.52,101059.83
1984-11-01,21.448456,24.024363,25.383427,27.860788,101284.91,100995.125
1984-12-01,22.561958,23.754156,25.040703,27.38623,101030.836,100850.945
1985-01-01,23.480783,24.15895,25.162136,27.349285,101218.2,101016.87
1985-02-01,24.65427,25.15555,25.726883,27.476864,101026.984,100735.79
1985-03-01,25.510275,26.148056,26.272211,27.163937,101010.79,100967.05
1985-04-01,24.067741,26.574564,26.629194,27.355688,101041.69,100839.86
1985-05-01,22.531902,25.892687,26.732206,27.638386,101094.734,100829.914
1985-06-01,21.785059,25.346579,26.559,27.833172,101151.234,100978.29
1985-07-01,20.519745,24.616352,26.43971,28.007399,101261.83,101041.914
1985-08-01,19.63271,24.11157,26.200602,28.057816,101285.625,101001.93
1985-09-01,19.32929,23.919731,25.90171,28.02418,101253.7,101017.016
1985-10-01,19.8757,24.000038,25.948742,28.063065,101212.92,101034.84
1985-11-01,20.89146,24.18814,26.175632,28.264908,101226.05,100982.8
1985-12-01,22.338678,24.2936,25.988195,28.075201,101263.04,100985.79
1986-01-01,24.464617,24.707163,25.767262,27.647572,101142.65,100921.93
1986-02-01,25.814968,25.729519,25.857658,27.67229,101153.59,101047.64
1986-03-01,25.748503,26.712513,26.568628,27.883648,101065.74,100951.75
1986-04-01,24.590567,27.007498,27.236773,27.766726,100988.97,100953.0
1986-05-01,23.186266,26.358183,27.260157,28.320633,101087.016,100987.62
1986-06-01,22.109488,26.08668,27.330805,28.598536,101137.47,100897.75
1986-07-01,21.310356,25.717323,27.216106,28.488735,101240.914,101049.945
1986-08-01,20.833899,25.0259,27.056667,28.678898,101182.01,100954.93
1986-09-01,20.578316,25.228474,27.126226,28.835766,101226.86,101075.82
1986-10-01,21.12554,25.373066,27.243227,28.913929,101329.73,101113.34
1986-11-01,21.713648,25.689508,27.313992,28.971199,101067.61,101038.484
1986-12-01,23.015272,25.796793,27.434446,28.638699,101144.664,101095.305
1987-01-01,25.080559,26.435856,27.482958,28.481731,101038.46,101081.07
1987-02-01,26.76486,27.13833,27.520016,28.419094,100927.38,101178.1
1987-03-01,27.511772,27.952631,28.103453,28.706467,100995.93,101109.27
1987-04-01,26.546354,28.14132,28.23902,28.779934,100976.84,101081.68
1987-05-01,25.32801,27.80828,28.18028,28.860191,101017.49,101068.34
1987-06-01,23.803549,27.116634,28.42984,29.205967,101083.96,101011.84
1987-07-01,22.555922,26.81938,28.328272,29.104235,101078.56,101118.81
1987-08-01,21.626276,26.198853,28.073002,29.047949,101131.36,101079.95
1987-09-01,21.402754,26.328598,28.044813,29.01435,101204.0,101118.62
1987-10-01,22.288143,25.882961,27.68347,29.323298,101187.87,101073.695
1987-11-01,22.619665,25.846527,27.604898,29.281055,101141.32,100995.234
1987-12-01,23.299932,26.11467,27.342646,28.940844,101086.984,101055.234
1988-01-01,24.28421,26.12924,27.171257,28.706982,101106.13,100968.29
1988-02-01,25.56727,26.275724,26.883091,28.362906,100993.164,100996.19
1988-03-01,25.508007,27.005884,27.222605,28.095602,101055.336,100877.59
1988-04-01,24.38543,26.697317,27.174715,27.839575,101114.83,100983.695
1988-05-01,23.267803,25.349852,26.40947,28.017809,101150.836,100923.18
1988-06-01,21.486792,24.297705,25.879934,27.824665,101307.44,101005.445
1988-07-01,20.225517,23.633186,25.452179,27.725687,101343.125,100987.29
1988-08-01,19.29414,23.48985,25.368246,27.643703,101345.08,101003.766
1988-09-01,19.145075,23.970436,25.754126,27.867834,101332.41,100918.14
1988-10-01,19.45993,23.381618,24.619856,26.83756,101264.336,100925.34
1988-11-01,20.503859,23.236687,24.46862,26.72689,101315.21,100935.79
1988-12-01,21.673439,23.283344,24.512772,26.593067,101280.16,100994.18
1989-01-01,23.983187,24.117514,24.448359,26.277208,101138.016,100839.34
1989-02-01,25.773994,25.367147,25.163872,26.543972,101149.31,100978.38
1989-03-01,26.48009,25.856949,25.696878,26.874836,101160.66,100933.57
1989-04-01,25.4705,26.44268,26.411278,27.34491,100995.42,100890.42
1989-05-01,23.21547,26.241577,26.925062,28.064243,101158.625,100889.734
1989-06-01,21.971064,26.212809,26.990847,27.756348,101243.0,101030.54
1989-07-01,21.166275,25.266333,26.681242,27.937843,101280.22,100973.17
1989-08-01,20.432959,24.472801,26.128008,27.750597,101305.64,100974.234
1989-09-01,19.84656,24.532503,26.195408,28.100603,101240.57,101010.836
1989-10-01,20.3507,24.43534,26.142572,28.094843,101288.21,101007.766
1989-11-01,21.265793,24.399933,26.128708,27.85359,101194.18,101014.945
1989-12-01,22.288567,24.6806,26.389977,28.290264,101309.36,101058.21
1990-01-01,23.870285,25.214674,26.39617,28.179993,101025.78,100975.86
1990-02-01,25.592943,26.221556,26.686693,28.267973,101170.07,101127.27
1990-03-01,25.958345,26.61347,27.003372,28.351545,101026.58,101112.83
1990-04-01,24.846766,27.326775,27.709036,28.664469,101001.95,100926.734
1990-05-01,23.926334,27.19985,27.89364,28.634045,101054.52,100874.664
1990-06-01,22.761976,26.391634,27.39352,28.632149,101127.12,100958.664
1990-07-01,21.012407,25.643154,27.238018,28.677658,101268.86,101012.69
1990-08-01,20.493073,25.073263,26.943356,28.842594,101280.484,101023.42
1990-09-01,20.076635,24.9229,26.659695,28.754267,101253.984,101045.83
1990-10-01,20.205217,24.824364,26.888048,28.952492,101302.27,101018.13
1990-11-01,20.84326,24.75196,26.652573,28.790144,101173.4,100989.88
1990-12-01,22.129784,25.104933,26.800648,28.83195,101163.42,101014.26
1991-01-01,23.686773,25.568436,26.842781,28.615171,101189.375,100992.19
1991-02-01,25.662022,26.228815,26.818352,28.37586,101052.766,101063.49
1991-03-01,26.269274,26.919025,27.100023,28.34427,101017.14,101021.6
1991-04-01,24.978634,27.339771,27.857542,28.712027,101017.234,100948.766
1991-05-01,24.509377,27.411213,28.10468,29.177555,101085.31,100956.38
1991-06-01,23.034292,27.204271,28.071352,29.040401,101130.58,100995.21
1991-07-01,22.11502,26.368938,27.729414,28.956484,101210.48,101022.46
1991-08-01,21.111528,25.447168,27.46011,29.08564,101285.445,101055.36
1991-09-01,20.862686,24.998894,26.99846,28.848347,101241.3,101125.19
1991-10-01,21.233921,25.2654,27.353075,29.317064,101169.125,101002.79
1991-11-01,22.06395,25.877922,27.667767,29.112936,101125.93,101081.16
1991-12-01,23.222837,26.23517,28.131927,29.23482,101072.19,101033.766
1992-01-01,24.640743,26.822294,28.238914,28.82869,101018.31,101228.49
1992-02-01,26.27901,27.313385,28.290546,28.78259,101018.66,101132.016
1992-03-01,27.405336,27.859434,28.394598,28.842926,100936.695,101126.1
1992-04-01,27.199186,28.46186,28.811857,29.037912,100928.04,101019.49
1992-05-01,26.074076,28.264309,28.77772,29.136599,100975.445,100935.84
1992-06-01,23.613707,27.034,28.068201,29.01731,101032.58,100902.445
1992-07-01,21.445038,25.540878,27.386274,29.12512,101225.86,101057.88
1992-08-01,20.708809,24.856022,26.742172,28.633106,101322.27,101028.945
1992-09-01,20.420547,24.711155,26.523535,28.628757,101217.68,101009.375
1992-10-01,21.084505,24.552912,26.171059,28.40155,101199.266,101001.84
1992-11-01,21.467827,24.874538,26.566402,28.313934,101154.516,101017.484
1992-12-01,22.402246,25.01413,26.724789,28.451252,101129.875,101071.305
1993-01-01,24.214548,25.580671,26.647171,28.292192,101172.44,101036.93
1993-02-01,26.115019,26.636919,26.998009,28.084326,101103.336,101096.1
1993-03-01,26.790209,27.348324,27.408636,28.275782,101062.766,101087.87
1993-04-01,26.164303,28.010351,28.108578,28.5006,100956.336,101042.875
1993-05-01,25.1088,28.033087,28.515543,28.790691,101069.79,100991.39
1993-06-01,23.550146,26.755562,27.821894,28.76913,101092.18,101027.88
1993-07-01,22.096615,25.950323,27.457317,28.813768,101192.23,101006.984
1993-08-01,21.087313,25.14831,26.777044,28.662813,101270.625,101158.51
1993-09-01,20.974546,25.060917,26.921444,28.822412,101292.445,101122.54
1993-10-01,21.288023,25.20079,26.883028,28.646864,101251.51,101117.22
1993-11-01,21.733833,25.13053,26.819115,28.727068,101218.77,100930.52
1993-12-01,22.451788,25.155643,26.658478,28.707586,101112.64,100940.91
1994-01-01,24.27401,25.680304,26.505472,28.275156,101122.32,100949.19
1994-02-01,25.72023,26.122656,26.58136,27.828796,101071.1,100933.664
1994-03-01,25.301346,26.7901,27.320238,28.230963,101106.01,101050.1
1994-04-01,24.225863,26.923801,27.846418,28.348986,101066.445,100958.29
1994-05-01,23.27056,26.881182,27.96317,28.967882,101099.2,101002.57
1994-06-01,22.320004,26.352062,27.804495,29.02887,101158.516,100954.65
1994-07-01,21.245832,25.13893,27.2262,29.264914,101202.8,101014.1
1994-08-01,19.947826,24.768976,27.268417,29.322807,101288.36,101087.266
1994-09-01,20.141405,24.798023,26.969654,29.047499,101270.38,101136.945
1994-10-01,21.692041,25.514977,27.322636,29.198135,101246.69,101107.51
1994-11-01,22.35157,25.886208,27.694939,29.264336,101224.53,101008.23
1994-12-01,23.544939,26.017519,27.775576,29.16917,101102.22,101059.08
1995-01-01,25.05872,26.106846,27.267668,28.770872,101109.8,101051.09
1995-02-01,26.134731,26.703053,27.322723,28.807909,101111.87,101045.01
1995-03-01,26.134424,26.892302,27.47686,28.80076,101049.54,100996.61
1995-04-01,24.408775,26.939905,27.849018,28.86331,100983.44,100948.17
1995-05-01,23.170263,26.288305,27.609407,29.038782,101163.38,100960.91
1995-06-01,22.352108,25.949371,27.28568,28.883677,101206.68,100952.01
1995-07-01,21.35062,25.41407,27.016184,28.687944,101222.14,100936.266
1995-08-01,20.18278,24.30604,26.24039,28.441574,101286.516,100975.164
1995-09-01,20.324156,24.029795,26.024261,28.30691,101370.305,101054.234
1995-10-01,20.168922,24.066229,25.730463,28.05224,101273.305,100932.555
1995-11-01,21.602427,24.065535,25.724796,27.980286,101274.25,100936.664
1995-12-01,21.971714,24.20711,25.644552,27.912975,101316.52,101022.555
1996-01-01,23.781214,24.90259,25.660097,27.68914,101182.836,100920.234
1996-02-01,25.52179,25.666006,25.879454,27.384619,101070.61,100915.055
1996-03-01,26.029928,26.616043,26.50954,27.538235,101079.66,100922.87
1996-04-01,23.80254,26.562538,27.277653,27.949022,101089.44,100911.91
1996-05-01,23.113386,26.297447,27.335585,28.393364,101244.07,101009.78
1996-06-01,21.788275,25.781122,27.186611,28.442043,101265.58,100964.13
1996-07-01,20.476452,25.1296,26.88609,28.357195,101304.35,100952.14
1996-08-01,19.75496,24.571112,26.528862,28.413458,101335.836,101010.08
1996-09-01,19.568678,24.351591,26.343454,28.324972,101226.086,100898.34
1996-10-01,20.267479,24.284134,26.125082,28.288868,101245.305,100957.09
1996-11-01,20.402527,24.457607,26.315056,28.188906,101179.82,100897.2
1996-12-01,21.674686,24.076475,25.96027,28.268959,101117.26,100906.375
1997-01-01,23.550283,24.597633,25.868616,28.094263,101280.6,101036.95
1997-02-01,25.579021,25.600985,26.289196,28.185026,101024.42,100909.305
1997-03-01,26.794662,26.689173,26.824167,28.329836,101090.21,101115.96
1997-04-01,26.489769,27.212763,27.66186,28.999872,101113.05,101083.1
1997-05-01,26.43531,27.63509,28.271193,29.227737,101014.484,101011.14
1997-06-01,25.98244,27.84269,28.531984,29.062515,101061.56,101093.86
1997-07-01,25.457825,27.646189,28.583727,29.204124,101032.914,101064.445
1997-08-01,24.626566,27.522554,28.592203,29.043049,101112.125,101173.77
1997-09-01,24.281914,27.508621,28.604675,29.259304,101113.74,101225.555
1997-10-01,24.525015,27.7782,28.736568,28.975723,101105.95,101221.71
1997-11-01,25.46083,28.255972,28.949905,29.28645,101088.43,101148.19
1997-12-01,26.646646,28.338398,28.75804,28.880617,100946.125,101086.31
1998-01-01,27.424482,28.431126,28.602076,28.67743,100903.44,101133.39
1998-02-01,28.037466,28.564203,28.462894,28.627266,101012.2,101232.64
1998-03-01,28.553299,28.813826,28.399649,28.497179,100970.4,101136.32
1998-04-01,28.101263,28.762245,28.282131,28.375511,101039.25,101068.71
1998-05-01,27.491447,28.22581,28.304876,28.548183,101095.305,100965.125
1998-06-01,25.065418,26.204948,26.81191,28.321516,101171.93,100985.41
1998-07-01,23.412506,25.332443,25.980082,27.96451,101246.35,100978.2
1998-08-01,21.917513,24.605978,25.53137,27.731625,101273.12,101021.49
1998-09-01,21.09382,24.207092,25.60223,27.8531,101286.48,101007.57
1998-10-01,21.730467,24.013855,25.293945,27.154491,101258.83,100965.79
1998-11-01,21.477863,24.338055,25.365942,27.142231,101210.7,100899.09
1998-12-01,23.068996,23.955479,24.768738,26.885675,101228.71,100917.086
1999-01-01,23.747883,24.385485,24.85046,26.439411,101160.86,100793.44
1999-02-01,25.611664,25.568865,25.533667,26.512152,101155.36,100987.13
1999-03-01,26.52136,26.775621,26.256937,26.803415,100994.984,100747.19
1999-04-01,23.951687,26.69415,26.750137,27.14437,101112.16,100873.305
1999-05-01,23.617104,26.51292,26.901304,27.758444,101184.625,100946.51
1999-06-01,22.222044,25.773851,26.563543,27.934,101235.14,100993.42
1999-07-01,21.008816,24.918344,26.210968,27.664581,101283.164,100954.086
1999-08-01,20.08183,24.136803,25.589989,27.713823,101332.055,101055.375
1999-09-01,19.750254,23.764988,25.66431,27.7187,101326.31,101001.88
1999-10-01,20.248974,23.621632,25.497395,27.783394,101345.055,100941.3
1999-11-01,20.68542,23.49501,25.084648,27.476404,101303.88,100896.39
1999-12-01,22.197338,23.541803,24.895617,27.150333,101271.21,100861.77
2000-01-01,23.867535,23.879969,24.68918,26.952827,101195.08,100881.65
2000-02-01,25.629154,25.317726,25.11273,26.603832,101234.81,100869.52
2000-03-01,25.72268,26.52802,26.030016,26.633945,101050.35,100876.92
2000-04-01,25.78426,27.383295,26.865723,27.221634,101061.32,100860.68
2000-05-01,23.827188,26.602835,26.861824,27.611126,101100.016,100915.484
2000-06-01,22.602757,25.842365,26.966627,28.285194,101174.86,100932.875
2000-07-01,20.795784,24.994226,26.517008,28.19676,101181.09,100910.56
2000-08-01,19.92076,24.554348,26.351845,28.122334,101204.21,100961.42
2000-09-01,20.075697,24.444242,26.17556,28.323301,101278.46,100990.18
2000-10-01,20.436134,24.420729,25.985918,27.964378,101206.03,100892.41
2000-11-01,20.663788,24.177286,25.831192,27.925684,101166.96,100800.75
2000-12-01,22.416838,24.438604,25.497932,27.205616,101146.52,100827.47
2001-01-01,24.07804,25.16674,25.715738,27.226664,101186.68,100854.875
2001-02-01,25.57502,26.121685,26.09734,27.021885,100934.82,100799.664
2001-03-01,26.830692,27.242504,26.79964,27.433403,101049.18,100915.945
2001-04-01,26.091722,27.321318,27.196875,27.866121,100974.51,100904.34
2001-05-01,24.078184,26.930689,27.3777,28.357634,101079.77,100943.96
2001-06-01,22.399656,26.360132,27.515863,28.568333,101103.945,100915.516
2001-07-01,21.307163,25.412676,27.153969,28.943527,101220.46,100952.695
2001-08-01,20.369072,24.758244,26.754025,28.755047,101229.81,100978.14
2001-09-01,19.91078,24.380287,26.505165,29.064558,101285.59,100987.35
2001-10-01,19.909056,24.524029,26.444715,28.847773,101238.73,100953.766
2001-11-01,20.926914,24.25415,26.267399,28.768324,101237.0,100915.9
2001-12-01,22.248209,24.596224,26.041515,28.338194,101090.07,101033.41
2002-01-01,23.922411,24.938408,26.312809,28.604189,101146.25,100977.47
2002-02-01,26.02405,25.995184,26.725523,28.411541,101090.83,101085.31
2002-03-01,27.259466,27.214191,27.126617,28.26211,100982.54,100955.6
2002-04-01,26.299671,27.409607,27.810688,28.870752,100991.125,100892.86
2002-05-01,25.208405,27.332895,28.055035,29.298086,101011.766,100946.96
2002-06-01,23.151136,27.101717,28.300322,29.350288,101094.19,100961.65
2002-07-01,21.844757,26.093416,27.853888,29.256298,101209.41,101049.46
2002-08-01,20.794662,25.45721,27.539438,29.250183,101144.25,101045.38
2002-09-01,20.981169,25.617352,27.58399,29.251982,101227.13,101120.484
2002-10-01,21.812885,25.698542,27.767712,29.271875,101115.54,101002.17
2002-11-01,22.9505,26.2606,28.019457,29.52754,101098.945,100954.23
2002-12-01,23.851435,26.376406,27.917383,29.296831,101098.03,101021.69
2003-01-01,24.514969,26.281633,27.398106,28.863787,101063.9,101063.04
2003-02-01,26.059805,26.725855,27.33159,28.715359,100957.73,100978.92
2003-03-01,26.600777,27.268044,27.695711,28.82491,101000.77,101013.04
2003-04-01,24.707098,27.165142,27.622831,28.638842,101047.88,100940.08
2003-05-01,22.700844,26.199505,27.217096,28.563488,101084.64,100920.54
2003-06-01,22.16373,25.95097,27.311655,28.85003,101194.9,100986.84
2003-07-01,21.377012,25.774603,27.29063,28.922329,101201.164,101019.64
2003-08-01,21.126545,25.279804,26.867714,28.813723,101251.266,101017.68
2003-09-01,20.434029,25.024899,26.898735,28.799105,101268.54,101054.13
2003-10-01,21.330458,25.428202,27.133411,29.109467,101233.625,101006.484
2003-11-01,22.246058,25.44483,26.970577,29.06664,101172.016,100942.23
2003-12-01,23.372923,25.897694,26.925737,28.725502,101116.7,100960.56
2004-01-01,24.759333,26.090693,26.707964,28.52175,101129.51,100995.08
2004-02-01,26.137707,26.591461,26.837322,28.341085,101100.38,100983.95
2004-03-01,25.577187,27.07887,26.98745,28.263988,100926.93,100931.1
2004-04-01,25.466808,27.357965,27.722687,28.560528,101069.34,100957.07
2004-05-01,23.442432,26.688015,27.918394,28.94839,101117.4,100926.48
2004-06-01,22.154081,26.329248,27.657038,28.910666,101149.445,101059.234
2004-07-01,21.08042,25.825304,27.737988,29.13873,101214.46,101004.26
2004-08-01,20.299223,25.23164,27.483898,29.103622,101229.42,101043.984
2004-09-01,20.379074,25.193197,27.379519,29.319462,101265.81,101069.73
2004-10-01,21.339441,25.42305,27.34366,29.340956,101261.87,101061.055
2004-11-01,22.630205,25.670033,27.340008,29.304409,101194.39,100960.36
2004-12-01,22.97858,25.749596,27.208427,29.121801,101119.83,100939.44
2005-01-01,24.588718,25.887941,27.1044,29.091967,101102.04,100982.516
2005-02-01,25.393778,26.181253,26.892395,28.693462,100999.35,101093.73
2005-03-01,25.066328,26.87723,27.444082,28.725548,101141.625,101057.74
2005-04-01,24.974295,27.554815,27.905205,28.779003,101002.914,101037.266
2005-05-01,24.480122,27.347094,28.06798,28.982832,101098.46,100949.36
2005-06-01,22.424559,26.690016,27.873375,29.070175,101147.96,100925.05
2005-07-01,21.428728,25.893885,27.318422,28.914583,101221.23,101007.64
2005-08-01,20.35433,25.350735,26.885601,28.69185,101258.66,101027.125
2005-09-01,19.997,24.687746,26.573965,28.605587,101274.08,101018.375
2005-10-01,19.883884,24.673674,26.626144,28.70248,101325.97,100986.27
2005-11-01,20.457218,24.100267,26.202963,28.502409,101246.78,100926.2
2005-12-01,22.212488,23.916004,25.752497,28.207788,101212.68,100882.32
2006-01-01,24.409174,24.760015,25.542952,27.594887,101103.79,100901.53
2006-02-01,26.654617,26.051771,25.980654,27.297215,101059.51,100952.13
2006-03-01,26.18154,26.51908,26.483982,27.689259,101051.23,100903.14
2006-04-01,24.224184,27.239223,27.487402,28.12902,101023.555,100912.445
2006-05-01,23.994272,27.118105,27.781494,28.623383,101168.336,100972.234
2006-06-01,22.839617,26.600534,27.762972,28.998512,101166.75,100965.82
2006-07-01,22.05501,25.783825,27.237938,28.936583,101232.34,101036.336
2006-08-01,21.681892,25.537977,27.195892,29.12223,101152.49,101022.91
2006-09-01,21.833626,25.74914,27.248333,29.34234,101216.79,101061.61
2006-10-01,22.614687,25.810137,27.360157,29.316635,101190.51,101096.87
2006-11-01,22.911327,26.016684,27.620266,29.52313,101104.77,100946.61
2006-12-01,23.971148,26.358786,27.707714,29.362667,101142.14,100914.266
2007-01-01,25.12232,26.563406,27.258278,28.903025,100990.39,100993.984
2007-02-01,26.210213,26.435137,26.753515,28.593885,101061.17,100994.71
2007-03-01,26.054718,26.603914,27.091446,28.598402,100983.01,100947.23
2007-04-01,24.91176,27.187757,27.65791,28.631262,101102.164,100964.625
2007-05-01,23.294125,26.320612,27.397524,28.631887,101158.14,100956.49
2007-06-01,22.271381,26.099249,27.525259,28.724348,101163.8,100808.27
2007-07-01,21.184374,25.108585,26.809544,28.528715,101248.336,100967.68
2007-08-01,19.928862,24.032991,26.23422,28.501446,101293.625,100980.73
2007-09-01,19.622955,23.85017,25.802532,28.10677,101294.22,100942.38
2007-10-01,19.424562,23.660131,25.472324,27.989038,101318.71,100931.38
2007-11-01,19.830503,23.521603,25.297989,27.486227,101158.84,100857.93
2007-12-01,21.144758,23.77932,25.365309,27.579706,101276.42,100803.53
2008-01-01,24.270304,24.218653,24.872309,26.689367,101141.13,100893.34
2008-02-01,26.369585,25.212723,25.13656,26.612934,101206.305,100903.29
2008-03-01,27.12123,26.661036,26.237165,27.047005,101098.74,100896.79
2008-04-01,25.919828,27.258663,26.913757,27.509665,100997.96,100855.93
2008-05-01,24.56254,27.137093,27.149147,27.849087,101116.555,100936.484
2008-06-01,23.620071,26.464611,27.022366,27.967907,101132.46,100981.734
2008-07-01,22.807232,26.071274,26.985565,28.094675,101238.56,100973.23
2008-08-01,22.152004,25.722485,26.771437,27.980911,101214.62,100975.375
2008-09-01,21.816313,25.258564,26.448051,28.044708,101210.18,100992.36
2008-10-01,21.418945,25.229301,26.496359,28.212957,101293.6,100973.59
2008-11-01,21.681402,25.078197,26.406784,28.125986,101229.875,100855.38
2008-12-01,22.558647,24.5234,25.735645,27.616875,101204.56,100858.22
2009-01-01,24.313099,25.247194,25.677258,27.304098,101211.65,100950.625
2009-02-01,25.715508,25.898361,26.070417,27.341331,101040.81,100863.16
2009-03-01,25.909996,26.444761,26.542065,27.627092,101022.18,100943.29
2009-04-01,25.857946,27.479734,27.60038,28.262367,101029.016,100897.14
2009-05-01,24.971563,27.554216,28.034418,28.797558,101084.016,100855.4
2009-06-01,23.89537,27.241371,28.102377,28.94536,101125.84,100976.99
2009-07-01,22.89884,26.604458,27.795048,29.060232,101098.61,100968.055
2009-08-01,21.779587,25.966854,27.541988,29.156952,101156.836,100959.08
2009-09-01,21.34019,25.742188,27.432167,29.025063,101158.51,100959.625
2009-10-01,21.243874,25.74749,27.625504,29.545847,101145.91,100998.51
2009-11-01,21.948544,26.216667,28.229412,29.84731,101103.19,100848.836
2009-12-01,23.505423,26.623669,28.301176,29.634754,101108.836,100955.734
2010-01-01,24.571438,26.684038,28.0686,29.392586,100948.71,101013.92
2010-02-01,25.804285,27.071085,27.891024,29.031261,100976.96,101053.13
2010-03-01,26.436296,27.865929,28.34077,29.10747,100971.16,101014.81
2010-04-01,26.269121,28.099253,28.381624,29.207487,101046.42,100982.73
2010-05-01,24.677662,27.03589,27.710955,28.973566,101120.87,100821.875
2010-06-01,23.327028,25.975388,27.083097,28.541368,101280.93,100962.78
2010-07-01,20.763557,24.881893,26.286945,28.07335,101319.9,100942.38
2010-08-01,20.018282,24.099653,25.587992,27.483343,101333.16,100943.07
2010-09-01,19.276663,23.945982,25.349222,27.121675,101321.51,100930.0
2010-10-01,19.514784,23.586588,25.27161,27.264753,101358.14,100863.74
2010-11-01,20.376265,23.83083,25.302233,27.173082,101329.42,100843.05
2010-12-01,21.647644,23.860834,25.363695,27.247135,101246.336,100716.68
2011-01-01,23.871565,24.298403,24.999723,26.97914,101147.51,100798.445
2011-02-01,26.031384,25.527706,25.471243,26.956888,101156.99,100847.0
2011-03-01,25.943996,26.315907,26.348745,27.678436,101124.336,100841.08
2011-04-01,25.480137,27.167768,27.018059,27.732166,101069.92,100895.13
2011-05-01,24.684689,26.888668,27.464682,28.343208,101089.125,100905.445
2011-06-01,23.469257,26.559513,27.374434,28.336731,101155.57,100903.84
2011-07-01,22.18172,25.81235,27.070988,28.378426,101175.3,100917.59
2011-08-01,20.881863,24.75805,26.42309,28.463915,101238.78,100954.44
2011-09-01,20.00152,24.315908,26.021864,28.078737,101316.43,100999.4
2011-10-01,20.07552,24.227346,25.97704,27.939093,101322.86,100914.125
2011-11-01,21.002903,24.056078,25.751043,27.80243,101251.19,100831.71
2011-12-01,22.153584,24.241343,25.586824,27.369734,101181.42,100792.95
2012-01-01,23.752209,24.990004,25.765425,27.222853,101211.52,100863.086
2012-02-01,25.899517,26.074326,26.114977,27.422445,101102.055,100834.6
2012-03-01,26.425917,27.01149,26.735327,27.492685,100939.164,100862.05
2012-04-01,26.440153,27.441954,27.24224,27.94726,101059.71,100955.46
2012-05-01,25.347965,27.216549,27.654333,28.34245,101055.516,100864.59
2012-06-01,24.436335,27.150776,27.93836,28.486273,101091.31,100927.68
2012-07-01,22.06899,26.407553,27.536644,28.537762,101066.14,100906.47
2012-08-01,20.977997,25.84292,27.553452,28.783924,101233.59,101015.07
2012-09-01,21.210846,25.304237,27.14357,28.775465,101241.0,101007.86
2012-10-01,20.49918,24.985306,27.0635,28.997875,101239.32,100951.055
2012-11-01,21.585037,25.35647,27.261957,29.013346,101217.03,100904.16
2012-12-01,22.359346,24.487757,26.079607,28.407705,101136.625,100830.44
2013-01-01,24.357819,24.885592,25.984468,28.085835,101087.19,100936.2
2013-02-01,25.894468,25.734722,26.15518,28.153778,101080.375,100876.945
2013-03-01,25.944355,27.191784,26.97331,27.681227,101042.59,100964.48
2013-04-01,24.418211,27.554358,27.8937,28.322655,101065.18,100883.31
2013-05-01,23.083836,26.42072,27.517414,28.535822,101208.51,100897.61
2013-06-01,21.184898,25.757137,27.322418,28.539227,101144.95,100813.57
2013-07-01,20.028847,25.213888,26.983582,28.590948,101219.14,100895.305
2013-08-01,19.87536,24.370438,26.340746,28.464844,101239.305,100967.62
2013-09-01,19.952246,24.86547,26.74879,28.693087,101244.055,100948.35
2013-10-01,20.329922,24.953365,26.53519,28.762394,101231.75,100994.51
2013-11-01,21.125814,24.880415,26.667532,28.765461,101184.48,100848.59
2013-12-01,22.897446,25.208942,26.386524,28.066788,101153.14,100846.3
2014-01-01,24.722986,25.390827,25.972643,27.840483,101090.03,100961.73
2014-02-01,25.100882,25.53129,25.775015,27.87143,101003.62,100922.0
2014-03-01,25.639902,27.079912,26.820137,28.231344,101047.34,100996.016
2014-04-01,25.229109,27.73024,27.965694,28.815664,100947.836,100937.43
2014-05-01,25.186607,27.782051,28.317785,29.280895,101101.74,100939.93
2014-06-01,24.474726,27.558006,28.1553,29.054558,101058.43,100867.25
2014-07-01,23.285282,26.262522,27.1892,28.794554,101124.91,100983.695
2014-08-01,21.93131,25.430048,26.809134,28.957785,101226.05,101037.74
2014-09-01,21.387527,25.26254,27.017353,29.189383,101222.21,101040.51
2014-10-01,21.371758,25.66126,27.139277,29.133856,101236.09,100996.26
2014-11-01,22.447247,26.007189,27.515905,29.38364,101181.13,100934.44
2014-12-01,22.73461,25.965145,27.210386,29.179832,101088.68,100908.164
2015-01-01,24.59574,26.139086,26.996586,28.911837,101041.96,101027.766
2015-02-01,25.506908,26.693975,27.416605,29.045755,101067.84,101049.61
2015-03-01,26.634644,27.230856,27.621899,29.167,101044.32,101105.36
2015-04-01,26.618223,28.316345,28.613945,29.632868,100926.234,100979.93
2015-05-01,25.94989,28.048225,28.702211,29.693321,100993.78,101029.08
2015-06-01,25.125996,27.887959,28.736038,29.774265,100976.31,100981.79
2015-07-01,24.358301,27.544209,28.55309,29.707712,101057.055,101055.77
2015-08-01,22.718107,27.014778,28.54696,29.440578,101049.26,101070.77
2015-09-01,22.889658,27.068777,28.543629,29.48353,101064.86,101090.74
2015-10-01,23.206345,27.438484,28.980122,29.64899,101129.84,101128.48
2015-11-01,23.812475,27.893705,29.566532,30.245241,100982.9,100950.39
2015-12-01,25.05693,27.816017,29.038252,29.863396,100873.086,101039.88
2016-01-01,25.745876,28.129572,29.039356,29.502045,101018.445,101102.62
2016-02-01,27.074278,28.291414,28.971956,29.483854,100855.39,101073.7
2016-03-01,27.601164,28.678604,28.825727,29.43428,101014.08,101091.95
2016-04-01,25.88767,28.199722,28.752428,29.242184,100964.664,100987.52
2016-05-01,24.845535,27.037333,28.060942,29.33516,101126.61,100932.93
2016-06-01,23.442842,26.490099,27.621613,29.230545,101194.74,101008.555
2016-07-01,22.190557,25.250164,26.761433,28.909605,101214.055,100960.695
2016-08-01,21.290257,24.653477,26.306093,28.64004,101205.54,100935.91
2016-09-01,21.26297,24.793678,26.230932,28.44493,101266.69,100970.13
2016-10-01,21.441359,24.477549,25.964632,28.20254,101193.99,100921.305
2016-11-01,21.947128,24.56336,26.08006,28.180824,101195.18,100889.56
2016-12-01,23.269909,24.870174,26.212652,28.322319,101132.695,100868.875
2017-01-01,25.55079,25.548496,26.202667,28.077877,101146.04,100894.56
2017-02-01,27.218864,26.867329,26.757366,27.926397,101062.695,100993.555
2017-03-01,28.400772,27.596445,27.36449,28.086946,101052.32,100976.71
2017-04-01,26.366493,28.074875,28.114231,28.566832,100966.48,100996.31
2017-05-01,24.800879,27.516582,28.254454,28.950415,101125.36,100928.41
2017-06-01,23.121729,26.627262,28.05019,29.269114,101192.266,101001.58
2017-07-01,21.536272,25.928333,27.517817,28.999687,101284.2,101019.875
2017-08-01,20.650085,25.111609,26.755695,28.739359,101268.12,100967.59
2017-09-01,19.963219,24.36707,26.360937,28.53777,101298.266,101008.375
2017-10-01,19.930475,24.56389,26.304718,28.492973,101193.234,100902.29
2017-11-01,20.620522,24.093956,25.798208,28.249136,101206.13,100776.945
2017-12-01,21.677406,23.968327,25.60604,27.994608,101171.2,100875.164
2018-01-01,23.76592,24.461521,25.766521,27.965302,101114.055,100803.81
2018-02-01,25.567032,25.49508,25.962015,27.774948,101148.4,100990.68
2018-03-01,25.667675,26.35195,26.405668,27.979826,101000.65,100900.0
2018-04-01,24.649456,27.01123,27.23841,28.50848,101130.77,100904.734
2018-05-01,23.895088,27.00792,27.720871,28.891056,101221.555,100923.88
2018-06-01,22.411413,26.791851,27.830868,29.06566,101245.48,101008.96
2018-07-01,21.56563,26.065306,27.472727,29.000414,101217.766,100949.51
2018-08-01,20.799131,25.24618,27.122475,29.159567,101257.086,100997.66
2018-09-01,20.766018,25.197538,27.031113,29.113071,101176.555,101017.26
2018-10-01,21.305223,25.795284,27.589128,29.549242,101278.01,101046.4
2018-11-01,22.53118,26.073286,27.639048,29.451735,101182.27,100994.65
2018-12-01,23.752129,26.142496,27.49366,29.420364,101117.22,100933.12
2019-01-01,25.3587,26.341553,27.17855,29.053865,101083.4,101017.21
2019-02-01,26.70857,27.043827,27.386335,28.942799,101052.48,101145.29
2019-03-01,26.927593,27.924324,28.185188,29.08635,100974.234,101035.18
2019-04-01,26.039589,28.175167,28.506292,29.121092,101069.23,100945.07
2019-05-01,24.618202,27.815613,28.60256,29.415155,101125.59,100987.01
2019-06-01,23.09576,26.992838,28.27625,29.548552,101148.555,100949.42
2019-07-01,21.245453,25.830118,27.67516,29.519567,101235.1,101026.18
2019-08-01,20.423456,24.983112,26.98443,29.305206,101283.74,101033.62
2019-09-01,19.889818,24.68063,26.676912,29.23825,101347.81,101123.87
2019-10-01,20.056326,25.176334,27.23467,29.51695,101293.695,100995.875
2019-11-01,21.638262,25.49656,27.21705,29.379032,101181.96,100957.336
2019-12-01,23.20009,25.461056,26.9973,29.283133,101178.3,100967.2
2020-01-01,24.5132,25.803282,27.019789,29.157053,101133.41,100985.625
2020-02-01,26.25246,26.403564,27.015211,28.970718,101110.875,101068.836
2020-03-01,26.93771,27.288351,27.658554,28.929832,101120.79,101010.79
2020-04-01,25.768126,27.91861,28.181074,28.99877,101138.43,101011.875
2020-05-01,24.221516,26.986752,27.591845,28.792953,101239.65,100933.766
2020-06-01,22.25293,25.949543,27.368895,28.956778,101232.87,100941.49
2020-07-01,20.844002,25.343515,27.085396,28.801926,101222.516,100886.625
2020-08-01,20.211079,24.665924,26.272928,28.29558,101291.12,100933.97
2020-09-01,19.959602,24.073349,26.02846,28.180151,101343.05,100937.34
2020-10-01,20.29685,24.070974,25.534765,27.88817,101252.555,100879.82
2020-11-01,21.079136,24.047194,25.496685,27.9011,101331.47,100914.734
2020-12-01,22.024805,24.459682,25.558973,27.515856,101231.445,100852.1
2021-01-01,23.75622,25.086414,25.568077,27.136686,101105.09,100836.695
2021-02-01,25.451979,25.58124,25.781958,27.15107,101068.04,100902.82
2021-03-01,26.061653,26.63213,26.62759,27.752472,101062.64,100898.766
2021-04-01,24.388243,26.746382,27.19071,28.303675,101037.61,100959.25
2021-05-01,23.657316,26.69917,27.523205,28.716242,101164.43,100856.14
2021-06-01,23.166908,26.494165,27.640144,28.880121,101285.984,101010.9
2021-07-01,22.177141,25.680143,27.053349,28.645853,101245.9,100932.38
2021-08-01,20.945963,24.9034,26.544363,28.593765,101322.0,101005.61
2021-09-01,20.92666,24.726814,26.425093,28.198538,101292.92,100945.68
2021-10-01,20.70775,24.411201,25.902649,28.048723,101293.57,100914.625
2021-11-01,20.892975,24.298977,25.87973,27.916246,101287.69,100830.52
2021-12-01,21.366917,23.931341,25.511395,27.613811,101185.36,100935.95
2022-01-01,23.86135,24.391256,25.651445,27.955198,101226.266,100954.39
2022-02-01,24.634785,25.23047,25.945805,27.814726,101158.65,100868.71
2022-03-01,25.911251,26.44357,26.282152,27.492407,101109.32,100844.64
2022-04-01,24.213806,26.635332,26.780153,27.656727,101074.88,100849.09
2022-05-01,23.27401,26.244207,26.77652,27.8796,101217.34,100862.7
2022-06-01,21.767988,25.960657,27.00581,28.24643,101280.51,100881.09
2022-07-01,20.77396,25.417501,26.60498,27.846207,101255.08,100855.43
2022-08-01,20.47361,24.602024,25.85654,27.680124,101290.23,100894.664
2022-09-01,19.662935,24.07635,25.764645,27.607117,101349.39,100977.03
2022-10-01,19.18779,24.080534,25.86318,27.532154,101311.53,100922.27
2022-11-01,20.444664,24.203545,25.80557,27.695044,101285.18,100910.25
2022-12-01,22.548437,24.387943,25.729197,27.654505,101190.555,100809.41
2023-01-01,24.178118,25.096882,25.804783,27.565695,101203.26,100900.6
2023-02-01,26.926945,26.222324,26.199661,27.48957,100994.92,100911.3
2023-03-01,28.007841,27.49365,27.16353,28.056648,101088.1,100989.086
2023-04-01,28.167122,27.969967,27.95862,28.77482,100990.34,100872.25
2023-05-01,26.576319,28.060865,28.323776,29.106028,101034.32,100966.164
2023-06-01,25.930082,27.85499,28.600351,29.492365,101111.99,100955.016
2023-07-01,25.126602,27.444845,28.32966,29.513783,101128.88,100996.125
